TAG,FNAME,SIZE,PATCHSIZE,PSLAB_TIME
GSD0,2024-06-28-140915-5-ForetMontmorency-5280x5280-DJI-M3E-patch-3,1024,128,4.056485247099772
GSD0,2024-06-05-132224-5-ZecBatiscan-5280x5280-DJI-M3E-patch-3,1024,128,3.925460609025322
GSD0,2024-06-05-135345-13.892-ZecBatiscan-5280x5280-DJI-M3E-patch-7,1024,128,3.8643888940569013
GSD0,2024-06-05-132546-14.677-ZecBatiscan-5280x5280-DJI-M3E-patch-8,1024,128,3.866985170985572
GSD0,2024-07-09-153706-10.393-Domtar-5280x5280-DJI-M3E-patch-6,1024,128,3.903044282924384
GSD0,2023-07-06-135203-5-Lac-Saint-Jean-4000x4000-DJI-FC7303-patch-5,1024,128,3.9235373459523544
GSD0,2024-07-20-010912-5-Gaspesie-4000x4000-DJI-FC7303-patch-5,1024,128,3.850118048954755
GSD0,2024-07-25-013232-5-Mauricie-4000x4000-DJI-FC7303-patch-4,1024,128,3.912259464035742
GSD0,2023-07-13-113751-5-Lac-Saint-Jean-4000x4000-DJI-FC7303-patch-2,1024,128,3.9312642390141264
GSD0,2024-06-28-141039-5-ForetMontmorency-5280x5280-DJI-M3E-patch-1,1024,128,3.8916404379997402
GSD0,2024-07-25-013232-5-Mauricie-4000x4000-DJI-FC7303-patch-0,1024,128,3.854622861952521
GSD0,2024-06-19-133027-5-ZecChapais-5280x5280-DJI-M3E-patch-8,1024,128,3.91487460792996
GSD0,2023-07-13-095307-5-Lac-Saint-Jean-4000x4000-DJI-FC7303-patch-0,1024,128,3.9638053519884124
GSD0,2023-07-13-113751-5-Lac-Saint-Jean-4000x4000-DJI-FC7303-patch-0,1024,128,4.028122770017944
GSD0,2023-07-06-135203-5-Lac-Saint-Jean-4000x4000-DJI-FC7303-patch-3,1024,128,3.882566381013021
GSD0,2024-06-05-135923-5-ZecBatiscan-5280x5280-DJI-M3E-patch-2,1024,128,3.91338104091119
GSD0,2024-06-05-135013-5-ZecBatiscan-5280x5280-DJI-M3E-patch-3,1024,128,3.9039362949552014
GSD0,2024-07-09-150417-5-Domtar-5280x5280-DJI-M3E-patch-13,1024,128,3.9313454600051045
GSD0,2024-06-05-132224-5-ZecBatiscan-5280x5280-DJI-M3E-patch-9,1024,128,3.849162515019998
GSD0,2023-07-06-135203-5-Lac-Saint-Jean-4000x4000-DJI-FC7303-patch-2,1024,128,3.879213146981783
GSD0,2024-07-24-230025-5-Mauricie-4000x4000-DJI-FC7303-patch-4,1024,128,3.8469288289779797
GSD0,2023-07-13-095307-5-Lac-Saint-Jean-4000x4000-DJI-FC7303-patch-1,1024,128,3.9045157899381593
GSD0,2024-06-19-125736-19.684-ZecChapais-5280x5280-DJI-M3E-patch-13,1024,128,3.892948030028492
GSD0,2024-06-05-132242-10.131-ZecBatiscan-5280x5280-DJI-M3E-patch-14,1024,128,3.9882790739648044
GSD0,2023-07-06-135203-5-Lac-Saint-Jean-4000x4000-DJI-FC7303-patch-4,1024,128,3.9694166720146313
GSD0,2024-06-05-132544-14.673-ZecBatiscan-5280x5280-DJI-M3E-patch-3,1024,128,4.0700481090461835
GSD0,2024-06-28-140733-5-ForetMontmorency-5280x5280-DJI-M3E-patch-14,1024,128,3.9182934439741075
GSD0,2024-06-28-140859-5-ForetMontmorency-5280x5280-DJI-M3E-patch-13,1024,128,3.858334404998459
GSD0,2023-07-13-095307-5-Lac-Saint-Jean-4000x4000-DJI-FC7303-patch-3,1024,128,3.9771128749707714
GSD0,2024-06-05-135645-5-ZecBatiscan-5280x5280-DJI-M3E-patch-8,1024,128,3.964242852991447
GSD0,2024-06-05-132544-14.673-ZecBatiscan-5280x5280-DJI-M3E-patch-6,1024,128,3.980599711998366
GSD0,2024-06-05-132110-13.789-ZecBatiscan-5280x5280-DJI-M3E-patch-8,1024,128,3.8626055310014635
GSD0,2024-06-05-135645-5-ZecBatiscan-5280x5280-DJI-M3E-patch-3,1024,128,3.9349261099705473
GSD0,2024-06-28-140859-5-ForetMontmorency-5280x5280-DJI-M3E-patch-12,1024,128,3.9052892399486154
GSD0,2024-06-05-141052-5-ZecBatiscan-5280x5280-DJI-M3E-patch-3,1024,128,3.9220888890558854
GSD0,2024-06-05-135139-5-ZecBatiscan-5280x5280-DJI-M3E-patch-6,1024,128,3.900665853987448
GSD0,2024-07-20-010912-5-Gaspesie-4000x4000-DJI-FC7303-patch-4,1024,128,3.9341979019809514
GSD0,2024-06-05-132847-11.962-ZecBatiscan-5280x5280-DJI-M3E-patch-13,1024,128,3.981309958966449
GSD0,2024-07-09-153706-10.393-Domtar-5280x5280-DJI-M3E-patch-12,1024,128,3.9139241749653593
GSD0,2023-07-06-123456-5-Lac-Saint-Jean-4000x4000-DJI-FC7303-patch-5,1024,128,3.9500677390024066
GSD0,2024-07-25-013232-5-Mauricie-4000x4000-DJI-FC7303-patch-5,1024,128,3.9813704509288073
GSD0,2024-06-05-140854-15.512-ZecBatiscan-5280x5280-DJI-M3E-patch-7,1024,128,3.959638267988339
GSD0,2024-07-25-001459-5-Mauricie-4000x4000-DJI-FC7303-patch-0,1024,128,3.950703894952312
GSD0,2024-06-05-132500-19.374-ZecBatiscan-5280x5280-DJI-M3E-patch-13,1024,128,3.9478080220287666
GSD0,2024-07-25-001459-5-Mauricie-4000x4000-DJI-FC7303-patch-5,1024,128,3.942255713045597
GSD0,2024-06-05-132224-5-ZecBatiscan-5280x5280-DJI-M3E-patch-13,1024,128,3.8921718209749088
GSD0,2024-07-24-225547-5-Mauricie-4000x4000-DJI-FC7303-patch-2,1024,128,3.929248726926744
GSD0,2024-06-06-015541-5-ZecBatiscan-4000x4000-DJI-FC7303-patch-5,1024,128,3.9088001960190013
GSD0,2024-06-19-132610-5-ZecChapais-5280x5280-DJI-M3E-patch-7,1024,128,3.8758466420695186
GSD0,2024-06-19-132229-5-ZecChapais-5280x5280-DJI-M3E-patch-8,1024,128,3.8831566659500822
GSD0,2024-06-05-132224-5-ZecBatiscan-5280x5280-DJI-M3E-patch-11,1024,128,3.9040855090133846
GSD0,2024-06-28-141049-5-ForetMontmorency-5280x5280-DJI-M3E-patch-8,1024,128,3.8586909429868683
GSD0,2024-07-09-153839-5-Domtar-5280x5280-DJI-M3E-patch-12,1024,128,3.9526104719843715
GSD0,2023-07-13-095307-5-Lac-Saint-Jean-4000x4000-DJI-FC7303-patch-5,1024,128,3.932216692948714
GSD0,2023-07-06-135203-5-Lac-Saint-Jean-4000x4000-DJI-FC7303-patch-1,1024,128,3.953058793907985
GSD0,2024-06-19-123534-5-ZecChapais-5280x5280-DJI-M3E-patch-3,1024,128,3.991783302044496
GSD0,2024-06-05-135139-5-ZecBatiscan-5280x5280-DJI-M3E-patch-7,1024,128,3.9982235819334164
GSD0,2024-06-05-140448-5-ZecBatiscan-5280x5280-DJI-M3E-patch-7,1024,128,3.8456180670764297
GSD0,2024-06-19-133605-12.672-ZecChapais-5280x5280-DJI-M3E-patch-9,1024,128,3.9785232500871643
GSD0,2024-06-05-132652-13.669-ZecBatiscan-5280x5280-DJI-M3E-patch-7,1024,128,3.976915349951014
GSD0,2024-06-06-020002-5-ZecBatiscan-4000x4000-DJI-FC7303-patch-3,1024,128,3.9568312080809847
GSD0,2023-07-13-095307-5-Lac-Saint-Jean-4000x4000-DJI-FC7303-patch-4,1024,128,3.9431689359480515
GSD0,2024-06-05-135531-5-ZecBatiscan-5280x5280-DJI-M3E-patch-7,1024,128,4.012057979009114
GSD0,2024-07-09-153706-10.393-Domtar-5280x5280-DJI-M3E-patch-3,1024,128,3.914815286989324
GSD0,2024-06-05-135139-5-ZecBatiscan-5280x5280-DJI-M3E-patch-11,1024,128,3.899734029895626
GSD0,2024-06-19-140732-5-ZecChapais-5280x5280-DJI-M3E-patch-9,1024,128,3.927286638994701
GSD0,2024-07-09-150417-5-Domtar-5280x5280-DJI-M3E-patch-2,1024,128,3.9142025819746777
GSD0,2023-07-13-113751-5-Lac-Saint-Jean-4000x4000-DJI-FC7303-patch-3,1024,128,3.902071439079009
GSD0,2024-06-19-134013-18.111-ZecChapais-5280x5280-DJI-M3E-patch-14,1024,128,3.9859084150521085
GSD0,2024-06-05-132110-13.789-ZecBatiscan-5280x5280-DJI-M3E-patch-3,1024,128,3.900449847918935
GSD0,2024-06-05-132500-19.374-ZecBatiscan-5280x5280-DJI-M3E-patch-6,1024,128,3.942098409985192
GSD0,2024-07-25-013232-5-Mauricie-4000x4000-DJI-FC7303-patch-1,1024,128,3.9610108319902793
GSD0,2024-06-28-140859-5-ForetMontmorency-5280x5280-DJI-M3E-patch-8,1024,128,3.965654107974842
GSD0,2024-06-28-141049-5-ForetMontmorency-5280x5280-DJI-M3E-patch-9,1024,128,3.8613939210772514
GSD0,2024-06-05-132845-11.897-ZecBatiscan-5280x5280-DJI-M3E-patch-11,1024,128,3.921340598957613
GSD0,2024-06-05-135139-5-ZecBatiscan-5280x5280-DJI-M3E-patch-13,1024,128,3.91879297606647
GSD0,2024-06-05-132546-14.677-ZecBatiscan-5280x5280-DJI-M3E-patch-2,1024,128,3.946056838030927
GSD0,2024-06-05-132110-13.789-ZecBatiscan-5280x5280-DJI-M3E-patch-13,1024,128,3.953112164977938
GSD0,2024-07-09-153909-5-Domtar-5280x5280-DJI-M3E-patch-11,1024,128,4.016724896035157
GSD0,2024-06-19-123535-5-ZecChapais-5280x5280-DJI-M3E-patch-3,1024,128,3.849178635980934
GSD0,2024-06-05-132500-19.374-ZecBatiscan-5280x5280-DJI-M3E-patch-7,1024,128,3.9202064219862223
GSD0,2024-07-09-153935-5-Domtar-5280x5280-DJI-M3E-patch-7,1024,128,3.94113356503658
GSD0,2024-06-05-132242-10.131-ZecBatiscan-5280x5280-DJI-M3E-patch-13,1024,128,3.932087828987278
GSD0,2024-07-09-153706-10.393-Domtar-5280x5280-DJI-M3E-patch-13,1024,128,3.9251198950223625
GSD0,2023-07-13-113751-5-Lac-Saint-Jean-4000x4000-DJI-FC7303-patch-5,1024,128,3.8714340319857
GSD0,2024-06-19-142608-5-ZecChapais-5280x5280-DJI-M3E-patch-14,1024,128,3.889599255984649
GSD0,2024-07-09-151346-5-Domtar-5280x5280-DJI-M3E-patch-12,1024,128,3.9917391509516165
GSD0,2024-06-28-141126-5-ForetMontmorency-5280x5280-DJI-M3E-patch-13,1024,128,3.8750345619628206
GSD0,2024-06-05-135305-13.202-ZecBatiscan-5280x5280-DJI-M3E-patch-3,1024,128,3.8994163930183277
GSD0,2024-06-19-133924-16.012-ZecChapais-5280x5280-DJI-M3E-patch-2,1024,128,3.93346204305999
GSD0,2024-06-05-132242-10.131-ZecBatiscan-5280x5280-DJI-M3E-patch-8,1024,128,3.954552331008017
GSD0,2024-06-05-135345-13.892-ZecBatiscan-5280x5280-DJI-M3E-patch-8,1024,128,3.9809245499782264
GSD0,2024-06-28-141039-5-ForetMontmorency-5280x5280-DJI-M3E-patch-11,1024,128,3.9387424350716174
GSD0,2024-07-24-225547-5-Mauricie-4000x4000-DJI-FC7303-patch-1,1024,128,3.8402229819912463
GSD0,2024-07-20-010912-5-Gaspesie-4000x4000-DJI-FC7303-patch-1,1024,128,3.885376021033153
GSD0,2024-07-09-153909-5-Domtar-5280x5280-DJI-M3E-patch-13,1024,128,3.9423269249964505
GSD0,2024-06-28-141002-5-ForetMontmorency-5280x5280-DJI-M3E-patch-2,1024,128,3.911824141978286
GSD0,2024-06-06-015421-5-ZecBatiscan-4000x4000-DJI-FC7303-patch-4,1024,128,3.8919966659741476
GSD0,2024-06-28-140820-5-ForetMontmorency-5280x5280-DJI-M3E-patch-8,1024,128,3.864186791004613
GSD0,2024-06-28-140859-5-ForetMontmorency-5280x5280-DJI-M3E-patch-3,1024,128,4.0193776219384745
GSD0,2024-06-28-140733-5-ForetMontmorency-5280x5280-DJI-M3E-patch-3,1024,128,3.938279513968155
GSD0,2024-06-06-015421-5-ZecBatiscan-4000x4000-DJI-FC7303-patch-2,1024,128,3.8873579599894583
GSD0,2024-06-28-140915-5-ForetMontmorency-5280x5280-DJI-M3E-patch-1,1024,128,3.891014511929825
GSD0,2024-06-19-140613-5-ZecChapais-5280x5280-DJI-M3E-patch-13,1024,128,3.9067598950350657
GSD0,2024-07-09-153520-5-Domtar-5280x5280-DJI-M3E-patch-8,1024,128,3.8898791630053893
GSD0,2024-06-06-015651-5-ZecBatiscan-4000x4000-DJI-FC7303-patch-5,1024,128,3.9583219150081277
GSD0,2024-06-19-133018-5-ZecChapais-5280x5280-DJI-M3E-patch-14,1024,128,3.9385055400198326
GSD0,2024-06-28-140733-5-ForetMontmorency-5280x5280-DJI-M3E-patch-9,1024,128,3.9421273201005533
GSD0,2024-07-09-153909-5-Domtar-5280x5280-DJI-M3E-patch-8,1024,128,4.039147966890596
GSD0,2024-06-19-123527-5-ZecChapais-5280x5280-DJI-M3E-patch-8,1024,128,3.9208153469953686
GSD0,2024-06-05-135013-5-ZecBatiscan-5280x5280-DJI-M3E-patch-8,1024,128,4.0190900440793484
GSD0,2024-06-19-123534-5-ZecChapais-5280x5280-DJI-M3E-patch-14,1024,128,3.940759956021793
GSD0,2024-06-05-135013-5-ZecBatiscan-5280x5280-DJI-M3E-patch-6,1024,128,4.006753096939065
GSD0,2024-07-20-011021-5-Gaspesie-4000x4000-DJI-FC7303-patch-2,1024,128,3.918692213948816
GSD0,2024-06-05-141052-5-ZecBatiscan-5280x5280-DJI-M3E-patch-8,1024,128,3.9756716190604493
GSD0,2024-07-25-013232-5-Mauricie-4000x4000-DJI-FC7303-patch-2,1024,128,3.968756746966392
GSD0,2024-06-05-131617-19.249-ZecBatiscan-5280x5280-DJI-M3E-patch-7,1024,128,3.9916731090052053
GSD1,2024-06-28-140915-5-ForetMontmorency-5280x5280-DJI-M3E-patch-3,683,128,1.5393623439595103
GSD1,2024-06-05-132224-5-ZecBatiscan-5280x5280-DJI-M3E-patch-3,683,128,1.5641740639694035
GSD1,2024-06-05-135345-13.892-ZecBatiscan-5280x5280-DJI-M3E-patch-7,683,128,1.5751588590210304
GSD1,2024-06-05-132546-14.677-ZecBatiscan-5280x5280-DJI-M3E-patch-8,683,128,1.5915812199236825
GSD1,2024-07-09-153706-10.393-Domtar-5280x5280-DJI-M3E-patch-6,683,128,1.5244991430081427
GSD1,2023-07-06-135203-5-Lac-Saint-Jean-4000x4000-DJI-FC7303-patch-5,683,128,1.579816067009233
GSD1,2024-07-20-010912-5-Gaspesie-4000x4000-DJI-FC7303-patch-5,683,128,1.5430061150109395
GSD1,2024-07-25-013232-5-Mauricie-4000x4000-DJI-FC7303-patch-4,683,128,1.5710097859846428
GSD1,2023-07-13-113751-5-Lac-Saint-Jean-4000x4000-DJI-FC7303-patch-2,683,128,1.575123239075765
GSD1,2024-06-28-141039-5-ForetMontmorency-5280x5280-DJI-M3E-patch-1,683,128,1.5400751020060852
GSD1,2024-07-25-013232-5-Mauricie-4000x4000-DJI-FC7303-patch-0,683,128,1.6326009359909222
GSD1,2024-06-19-133027-5-ZecChapais-5280x5280-DJI-M3E-patch-8,683,128,1.5772496319841594
GSD1,2023-07-13-095307-5-Lac-Saint-Jean-4000x4000-DJI-FC7303-patch-0,683,128,1.5387326490599662
GSD1,2023-07-13-113751-5-Lac-Saint-Jean-4000x4000-DJI-FC7303-patch-0,683,128,1.5801438649650663
GSD1,2023-07-06-135203-5-Lac-Saint-Jean-4000x4000-DJI-FC7303-patch-3,683,128,1.565865927026607
GSD1,2024-06-05-135923-5-ZecBatiscan-5280x5280-DJI-M3E-patch-2,683,128,1.5472140109632164
GSD1,2024-06-05-135013-5-ZecBatiscan-5280x5280-DJI-M3E-patch-3,683,128,1.6008158819749951
GSD1,2024-07-09-150417-5-Domtar-5280x5280-DJI-M3E-patch-13,683,128,1.5795561990235
GSD1,2024-06-05-132224-5-ZecBatiscan-5280x5280-DJI-M3E-patch-9,683,128,1.5567880499875173
GSD1,2023-07-06-135203-5-Lac-Saint-Jean-4000x4000-DJI-FC7303-patch-2,683,128,1.5867557300953194
GSD1,2024-07-24-230025-5-Mauricie-4000x4000-DJI-FC7303-patch-4,683,128,1.5667972100200132
GSD1,2023-07-13-095307-5-Lac-Saint-Jean-4000x4000-DJI-FC7303-patch-1,683,128,1.5902622870635241
GSD1,2024-06-19-125736-19.684-ZecChapais-5280x5280-DJI-M3E-patch-13,683,128,1.6015983009710908
GSD1,2024-06-05-132242-10.131-ZecBatiscan-5280x5280-DJI-M3E-patch-14,683,128,1.5788422719342634
GSD1,2023-07-06-135203-5-Lac-Saint-Jean-4000x4000-DJI-FC7303-patch-4,683,128,1.5503945810487494
GSD1,2024-06-05-132544-14.673-ZecBatiscan-5280x5280-DJI-M3E-patch-3,683,128,1.591217122040689
GSD1,2024-06-28-140733-5-ForetMontmorency-5280x5280-DJI-M3E-patch-14,683,128,1.5752213310915977
GSD1,2024-06-28-140859-5-ForetMontmorency-5280x5280-DJI-M3E-patch-13,683,128,1.6322710280073807
GSD1,2023-07-13-095307-5-Lac-Saint-Jean-4000x4000-DJI-FC7303-patch-3,683,128,1.599357825005427
GSD1,2024-06-05-135645-5-ZecBatiscan-5280x5280-DJI-M3E-patch-8,683,128,1.552180634927936
GSD1,2024-06-05-132544-14.673-ZecBatiscan-5280x5280-DJI-M3E-patch-6,683,128,1.632981235976331
GSD1,2024-06-05-132110-13.789-ZecBatiscan-5280x5280-DJI-M3E-patch-8,683,128,1.5772319509414956
GSD1,2024-06-05-135645-5-ZecBatiscan-5280x5280-DJI-M3E-patch-3,683,128,1.5759091189829633
GSD1,2024-06-28-140859-5-ForetMontmorency-5280x5280-DJI-M3E-patch-12,683,128,1.5279264280106872
GSD1,2024-06-05-141052-5-ZecBatiscan-5280x5280-DJI-M3E-patch-3,683,128,1.589913509087637
GSD1,2024-06-05-135139-5-ZecBatiscan-5280x5280-DJI-M3E-patch-6,683,128,1.5094524959567934
GSD1,2024-07-20-010912-5-Gaspesie-4000x4000-DJI-FC7303-patch-4,683,128,1.5918270570691675
GSD1,2024-06-05-132847-11.962-ZecBatiscan-5280x5280-DJI-M3E-patch-13,683,128,1.5417205530684441
GSD1,2024-07-09-153706-10.393-Domtar-5280x5280-DJI-M3E-patch-12,683,128,1.5770040560746565
GSD1,2023-07-06-123456-5-Lac-Saint-Jean-4000x4000-DJI-FC7303-patch-5,683,128,1.6052890040446073
GSD1,2024-07-25-013232-5-Mauricie-4000x4000-DJI-FC7303-patch-5,683,128,1.5486502370331436
GSD1,2024-06-05-140854-15.512-ZecBatiscan-5280x5280-DJI-M3E-patch-7,683,128,1.522671977058053
GSD1,2024-07-25-001459-5-Mauricie-4000x4000-DJI-FC7303-patch-0,683,128,1.567718414007686
GSD1,2024-06-05-132500-19.374-ZecBatiscan-5280x5280-DJI-M3E-patch-13,683,128,1.5422431459883228
GSD1,2024-07-25-001459-5-Mauricie-4000x4000-DJI-FC7303-patch-5,683,128,1.4961399930762127
GSD1,2024-06-05-132224-5-ZecBatiscan-5280x5280-DJI-M3E-patch-13,683,128,1.6011114889988676
GSD1,2024-07-24-225547-5-Mauricie-4000x4000-DJI-FC7303-patch-2,683,128,1.5202274860348552
GSD1,2024-06-06-015541-5-ZecBatiscan-4000x4000-DJI-FC7303-patch-5,683,128,1.6006224360316992
GSD1,2024-06-19-132610-5-ZecChapais-5280x5280-DJI-M3E-patch-7,683,128,1.5193849549395964
GSD1,2024-06-19-132229-5-ZecChapais-5280x5280-DJI-M3E-patch-8,683,128,1.584396580932662
GSD1,2024-06-05-132224-5-ZecBatiscan-5280x5280-DJI-M3E-patch-11,683,128,1.603304472984746
GSD1,2024-06-28-141049-5-ForetMontmorency-5280x5280-DJI-M3E-patch-8,683,128,1.5487294889753684
GSD1,2024-07-09-153839-5-Domtar-5280x5280-DJI-M3E-patch-12,683,128,1.6205380141036585
GSD1,2023-07-13-095307-5-Lac-Saint-Jean-4000x4000-DJI-FC7303-patch-5,683,128,1.5615164389600977
GSD1,2023-07-06-135203-5-Lac-Saint-Jean-4000x4000-DJI-FC7303-patch-1,683,128,1.6147514899494126
GSD1,2024-06-19-123534-5-ZecChapais-5280x5280-DJI-M3E-patch-3,683,128,1.5932852330151945
GSD1,2024-06-05-135139-5-ZecBatiscan-5280x5280-DJI-M3E-patch-7,683,128,1.5902017060434446
GSD1,2024-06-05-140448-5-ZecBatiscan-5280x5280-DJI-M3E-patch-7,683,128,1.5822237769607455
GSD1,2024-06-19-133605-12.672-ZecChapais-5280x5280-DJI-M3E-patch-9,683,128,1.6022333859000355
GSD1,2024-06-05-132652-13.669-ZecBatiscan-5280x5280-DJI-M3E-patch-7,683,128,1.552158743957989
GSD1,2024-06-06-020002-5-ZecBatiscan-4000x4000-DJI-FC7303-patch-3,683,128,1.5776702630100772
GSD1,2023-07-13-095307-5-Lac-Saint-Jean-4000x4000-DJI-FC7303-patch-4,683,128,1.59621525707189
GSD1,2024-06-05-135531-5-ZecBatiscan-5280x5280-DJI-M3E-patch-7,683,128,1.6136789220618084
GSD1,2024-07-09-153706-10.393-Domtar-5280x5280-DJI-M3E-patch-3,683,128,1.5591081379679963
GSD1,2024-06-05-135139-5-ZecBatiscan-5280x5280-DJI-M3E-patch-11,683,128,1.5915599700529128
GSD1,2024-06-19-140732-5-ZecChapais-5280x5280-DJI-M3E-patch-9,683,128,1.575145699083805
GSD1,2024-07-09-150417-5-Domtar-5280x5280-DJI-M3E-patch-2,683,128,1.5774203159380704
GSD1,2023-07-13-113751-5-Lac-Saint-Jean-4000x4000-DJI-FC7303-patch-3,683,128,1.5527124881045893
GSD1,2024-06-19-134013-18.111-ZecChapais-5280x5280-DJI-M3E-patch-14,683,128,1.5486738870386034
GSD1,2024-06-05-132110-13.789-ZecBatiscan-5280x5280-DJI-M3E-patch-3,683,128,1.5738774269120768
GSD1,2024-06-05-132500-19.374-ZecBatiscan-5280x5280-DJI-M3E-patch-6,683,128,1.5438108660746366
GSD1,2024-07-25-013232-5-Mauricie-4000x4000-DJI-FC7303-patch-1,683,128,1.5967546300962567
GSD1,2024-06-28-140859-5-ForetMontmorency-5280x5280-DJI-M3E-patch-8,683,128,1.5842826280277222
GSD1,2024-06-28-141049-5-ForetMontmorency-5280x5280-DJI-M3E-patch-9,683,128,1.5344995219493285
GSD1,2024-06-05-132845-11.897-ZecBatiscan-5280x5280-DJI-M3E-patch-11,683,128,1.571820555953309
GSD1,2024-06-05-135139-5-ZecBatiscan-5280x5280-DJI-M3E-patch-13,683,128,1.5512459320016205
GSD1,2024-06-05-132546-14.677-ZecBatiscan-5280x5280-DJI-M3E-patch-2,683,128,1.6138155970256776
GSD1,2024-06-05-132110-13.789-ZecBatiscan-5280x5280-DJI-M3E-patch-13,683,128,1.605168750975281
GSD1,2024-07-09-153909-5-Domtar-5280x5280-DJI-M3E-patch-11,683,128,1.5907431290252134
GSD1,2024-06-19-123535-5-ZecChapais-5280x5280-DJI-M3E-patch-3,683,128,1.6331996810622513
GSD1,2024-06-05-132500-19.374-ZecBatiscan-5280x5280-DJI-M3E-patch-7,683,128,1.531839077011682
GSD1,2024-07-09-153935-5-Domtar-5280x5280-DJI-M3E-patch-7,683,128,1.5981604339322075
GSD1,2024-06-05-132242-10.131-ZecBatiscan-5280x5280-DJI-M3E-patch-13,683,128,1.5801201739814132
GSD1,2024-07-09-153706-10.393-Domtar-5280x5280-DJI-M3E-patch-13,683,128,1.5553976260125637
GSD1,2023-07-13-113751-5-Lac-Saint-Jean-4000x4000-DJI-FC7303-patch-5,683,128,1.5923440390033647
GSD1,2024-06-19-142608-5-ZecChapais-5280x5280-DJI-M3E-patch-14,683,128,1.601376925013028
GSD1,2024-07-09-151346-5-Domtar-5280x5280-DJI-M3E-patch-12,683,128,1.5885717449709773
GSD1,2024-06-28-141126-5-ForetMontmorency-5280x5280-DJI-M3E-patch-13,683,128,1.619430196005851
GSD1,2024-06-05-135305-13.202-ZecBatiscan-5280x5280-DJI-M3E-patch-3,683,128,1.5527005380718037
GSD1,2024-06-19-133924-16.012-ZecChapais-5280x5280-DJI-M3E-patch-2,683,128,1.5782773770624772
GSD1,2024-06-05-132242-10.131-ZecBatiscan-5280x5280-DJI-M3E-patch-8,683,128,1.6527303190669045
GSD1,2024-06-05-135345-13.892-ZecBatiscan-5280x5280-DJI-M3E-patch-8,683,128,1.5701257239561528
GSD1,2024-06-28-141039-5-ForetMontmorency-5280x5280-DJI-M3E-patch-11,683,128,1.5730867980746552
GSD1,2024-07-24-225547-5-Mauricie-4000x4000-DJI-FC7303-patch-1,683,128,1.6045019840821624
GSD1,2024-07-20-010912-5-Gaspesie-4000x4000-DJI-FC7303-patch-1,683,128,1.5894432869972661
GSD1,2024-07-09-153909-5-Domtar-5280x5280-DJI-M3E-patch-13,683,128,1.5704260610509664
GSD1,2024-06-28-141002-5-ForetMontmorency-5280x5280-DJI-M3E-patch-2,683,128,1.5769350139889866
GSD1,2024-06-06-015421-5-ZecBatiscan-4000x4000-DJI-FC7303-patch-4,683,128,1.6028707229997963
GSD1,2024-06-28-140820-5-ForetMontmorency-5280x5280-DJI-M3E-patch-8,683,128,1.561707752989605
GSD1,2024-06-28-140859-5-ForetMontmorency-5280x5280-DJI-M3E-patch-3,683,128,1.5705287950113416
GSD1,2024-06-28-140733-5-ForetMontmorency-5280x5280-DJI-M3E-patch-3,683,128,1.550448621972464
GSD1,2024-06-06-015421-5-ZecBatiscan-4000x4000-DJI-FC7303-patch-2,683,128,1.5416386710712686
GSD1,2024-06-28-140915-5-ForetMontmorency-5280x5280-DJI-M3E-patch-1,683,128,1.5551045479951426
GSD1,2024-06-19-140613-5-ZecChapais-5280x5280-DJI-M3E-patch-13,683,128,1.5328592819860205
GSD1,2024-07-09-153520-5-Domtar-5280x5280-DJI-M3E-patch-8,683,128,1.5736767320195213
GSD1,2024-06-06-015651-5-ZecBatiscan-4000x4000-DJI-FC7303-patch-5,683,128,1.545372655033134
GSD1,2024-06-19-133018-5-ZecChapais-5280x5280-DJI-M3E-patch-14,683,128,1.6245918460190296
GSD1,2024-06-28-140733-5-ForetMontmorency-5280x5280-DJI-M3E-patch-9,683,128,1.568086393061094
GSD1,2024-07-09-153909-5-Domtar-5280x5280-DJI-M3E-patch-8,683,128,1.5503878699382767
GSD1,2024-06-19-123527-5-ZecChapais-5280x5280-DJI-M3E-patch-8,683,128,1.5270090859849006
GSD1,2024-06-05-135013-5-ZecBatiscan-5280x5280-DJI-M3E-patch-8,683,128,1.5641848150407895
GSD1,2024-06-19-123534-5-ZecChapais-5280x5280-DJI-M3E-patch-14,683,128,1.5527955909492448
GSD1,2024-06-05-135013-5-ZecBatiscan-5280x5280-DJI-M3E-patch-6,683,128,1.5848743630340323
GSD1,2024-07-20-011021-5-Gaspesie-4000x4000-DJI-FC7303-patch-2,683,128,1.5633166440529749
GSD1,2024-06-05-141052-5-ZecBatiscan-5280x5280-DJI-M3E-patch-8,683,128,1.6050223970087245
GSD1,2024-07-25-013232-5-Mauricie-4000x4000-DJI-FC7303-patch-2,683,128,1.5468024209840223
GSD1,2024-06-05-131617-19.249-ZecBatiscan-5280x5280-DJI-M3E-patch-7,683,128,1.6453730060020462
GSD2,2024-06-28-140915-5-ForetMontmorency-5280x5280-DJI-M3E-patch-3,455,128,0.5989593680715188
GSD2,2024-06-05-132224-5-ZecBatiscan-5280x5280-DJI-M3E-patch-3,455,128,0.6035857730312273
GSD2,2024-06-05-135345-13.892-ZecBatiscan-5280x5280-DJI-M3E-patch-7,455,128,0.6240411349572241
GSD2,2024-06-05-132546-14.677-ZecBatiscan-5280x5280-DJI-M3E-patch-8,455,128,0.5676957760006189
GSD2,2024-07-09-153706-10.393-Domtar-5280x5280-DJI-M3E-patch-6,455,128,0.5769957290031016
GSD2,2023-07-06-135203-5-Lac-Saint-Jean-4000x4000-DJI-FC7303-patch-5,455,128,0.6016720060724765
GSD2,2024-07-20-010912-5-Gaspesie-4000x4000-DJI-FC7303-patch-5,455,128,0.5683050120715052
GSD2,2024-07-25-013232-5-Mauricie-4000x4000-DJI-FC7303-patch-4,455,128,0.6175206230254844
GSD2,2023-07-13-113751-5-Lac-Saint-Jean-4000x4000-DJI-FC7303-patch-2,455,128,0.6289245069492608
GSD2,2024-06-28-141039-5-ForetMontmorency-5280x5280-DJI-M3E-patch-1,455,128,0.5796738159842789
GSD2,2024-07-25-013232-5-Mauricie-4000x4000-DJI-FC7303-patch-0,455,128,0.5968740249518305
GSD2,2024-06-19-133027-5-ZecChapais-5280x5280-DJI-M3E-patch-8,455,128,0.5968438950367272
GSD2,2023-07-13-095307-5-Lac-Saint-Jean-4000x4000-DJI-FC7303-patch-0,455,128,0.5674669200088829
GSD2,2023-07-13-113751-5-Lac-Saint-Jean-4000x4000-DJI-FC7303-patch-0,455,128,0.6197753689484671
GSD2,2023-07-06-135203-5-Lac-Saint-Jean-4000x4000-DJI-FC7303-patch-3,455,128,0.6130107990466058
GSD2,2024-06-05-135923-5-ZecBatiscan-5280x5280-DJI-M3E-patch-2,455,128,0.604201260022819
GSD2,2024-06-05-135013-5-ZecBatiscan-5280x5280-DJI-M3E-patch-3,455,128,0.6027954939054325
GSD2,2024-07-09-150417-5-Domtar-5280x5280-DJI-M3E-patch-13,455,128,0.573461479973048
GSD2,2024-06-05-132224-5-ZecBatiscan-5280x5280-DJI-M3E-patch-9,455,128,0.6002739109098911
GSD2,2023-07-06-135203-5-Lac-Saint-Jean-4000x4000-DJI-FC7303-patch-2,455,128,0.610490315943025
GSD2,2024-07-24-230025-5-Mauricie-4000x4000-DJI-FC7303-patch-4,455,128,0.6185692179715261
GSD2,2023-07-13-095307-5-Lac-Saint-Jean-4000x4000-DJI-FC7303-patch-1,455,128,0.6195096819428727
GSD2,2024-06-19-125736-19.684-ZecChapais-5280x5280-DJI-M3E-patch-13,455,128,0.6028546059969813
GSD2,2024-06-05-132242-10.131-ZecBatiscan-5280x5280-DJI-M3E-patch-14,455,128,0.63852070691064
GSD2,2023-07-06-135203-5-Lac-Saint-Jean-4000x4000-DJI-FC7303-patch-4,455,128,0.6156708869384602
GSD2,2024-06-05-132544-14.673-ZecBatiscan-5280x5280-DJI-M3E-patch-3,455,128,0.625172324012965
GSD2,2024-06-28-140733-5-ForetMontmorency-5280x5280-DJI-M3E-patch-14,455,128,0.5828330150106922
GSD2,2024-06-28-140859-5-ForetMontmorency-5280x5280-DJI-M3E-patch-13,455,128,0.6285497980425134
GSD2,2023-07-13-095307-5-Lac-Saint-Jean-4000x4000-DJI-FC7303-patch-3,455,128,0.6231022810097784
GSD2,2024-06-05-135645-5-ZecBatiscan-5280x5280-DJI-M3E-patch-8,455,128,0.6021782790776342
GSD2,2024-06-05-132544-14.673-ZecBatiscan-5280x5280-DJI-M3E-patch-6,455,128,0.5839635430602357
GSD2,2024-06-05-132110-13.789-ZecBatiscan-5280x5280-DJI-M3E-patch-8,455,128,0.587585853994824
GSD2,2024-06-05-135645-5-ZecBatiscan-5280x5280-DJI-M3E-patch-3,455,128,0.6157743680523708
GSD2,2024-06-28-140859-5-ForetMontmorency-5280x5280-DJI-M3E-patch-12,455,128,0.6090844409773126
GSD2,2024-06-05-141052-5-ZecBatiscan-5280x5280-DJI-M3E-patch-3,455,128,0.5765741880750284
GSD2,2024-06-05-135139-5-ZecBatiscan-5280x5280-DJI-M3E-patch-6,455,128,0.5823462730040774
GSD2,2024-07-20-010912-5-Gaspesie-4000x4000-DJI-FC7303-patch-4,455,128,0.6106737810187042
GSD2,2024-06-05-132847-11.962-ZecBatiscan-5280x5280-DJI-M3E-patch-13,455,128,0.5609863189747557
GSD2,2024-07-09-153706-10.393-Domtar-5280x5280-DJI-M3E-patch-12,455,128,0.6077725790673867
GSD2,2023-07-06-123456-5-Lac-Saint-Jean-4000x4000-DJI-FC7303-patch-5,455,128,0.5896706860512495
GSD2,2024-07-25-013232-5-Mauricie-4000x4000-DJI-FC7303-patch-5,455,128,0.6008035339182243
GSD2,2024-06-05-140854-15.512-ZecBatiscan-5280x5280-DJI-M3E-patch-7,455,128,0.6041787990834564
GSD2,2024-07-25-001459-5-Mauricie-4000x4000-DJI-FC7303-patch-0,455,128,0.5576000829460099
GSD2,2024-06-05-132500-19.374-ZecBatiscan-5280x5280-DJI-M3E-patch-13,455,128,0.6258819720242172
GSD2,2024-07-25-001459-5-Mauricie-4000x4000-DJI-FC7303-patch-5,455,128,0.6200723060173914
GSD2,2024-06-05-132224-5-ZecBatiscan-5280x5280-DJI-M3E-patch-13,455,128,0.6159702830482274
GSD2,2024-07-24-225547-5-Mauricie-4000x4000-DJI-FC7303-patch-2,455,128,0.6109161570202559
GSD2,2024-06-06-015541-5-ZecBatiscan-4000x4000-DJI-FC7303-patch-5,455,128,0.5928682460216805
GSD2,2024-06-19-132610-5-ZecChapais-5280x5280-DJI-M3E-patch-7,455,128,0.5967084810836241
GSD2,2024-06-19-132229-5-ZecChapais-5280x5280-DJI-M3E-patch-8,455,128,0.5750942109152675
GSD2,2024-06-05-132224-5-ZecBatiscan-5280x5280-DJI-M3E-patch-11,455,128,0.5830059889703989
GSD2,2024-06-28-141049-5-ForetMontmorency-5280x5280-DJI-M3E-patch-8,455,128,0.6398674510419369
GSD2,2024-07-09-153839-5-Domtar-5280x5280-DJI-M3E-patch-12,455,128,0.5987648939481005
GSD2,2023-07-13-095307-5-Lac-Saint-Jean-4000x4000-DJI-FC7303-patch-5,455,128,0.6081307179993019
GSD2,2023-07-06-135203-5-Lac-Saint-Jean-4000x4000-DJI-FC7303-patch-1,455,128,0.5906719809863716
GSD2,2024-06-19-123534-5-ZecChapais-5280x5280-DJI-M3E-patch-3,455,128,0.6294176699593663
GSD2,2024-06-05-135139-5-ZecBatiscan-5280x5280-DJI-M3E-patch-7,455,128,0.610282281995751
GSD2,2024-06-05-140448-5-ZecBatiscan-5280x5280-DJI-M3E-patch-7,455,128,0.5743952729972079
GSD2,2024-06-19-133605-12.672-ZecChapais-5280x5280-DJI-M3E-patch-9,455,128,0.6008926859358326
GSD2,2024-06-05-132652-13.669-ZecBatiscan-5280x5280-DJI-M3E-patch-7,455,128,0.6077571280766279
GSD2,2024-06-06-020002-5-ZecBatiscan-4000x4000-DJI-FC7303-patch-3,455,128,0.5756301740184426
GSD2,2023-07-13-095307-5-Lac-Saint-Jean-4000x4000-DJI-FC7303-patch-4,455,128,0.6292140149744228
GSD2,2024-06-05-135531-5-ZecBatiscan-5280x5280-DJI-M3E-patch-7,455,128,0.5894326599081978
GSD2,2024-07-09-153706-10.393-Domtar-5280x5280-DJI-M3E-patch-3,455,128,0.5750887810718268
GSD2,2024-06-05-135139-5-ZecBatiscan-5280x5280-DJI-M3E-patch-11,455,128,0.6173460570862517
GSD2,2024-06-19-140732-5-ZecChapais-5280x5280-DJI-M3E-patch-9,455,128,0.591111041023396
GSD2,2024-07-09-150417-5-Domtar-5280x5280-DJI-M3E-patch-2,455,128,0.6230704500339925
GSD2,2023-07-13-113751-5-Lac-Saint-Jean-4000x4000-DJI-FC7303-patch-3,455,128,0.5672186439624056
GSD2,2024-06-19-134013-18.111-ZecChapais-5280x5280-DJI-M3E-patch-14,455,128,0.6152525959769264
GSD2,2024-06-05-132110-13.789-ZecBatiscan-5280x5280-DJI-M3E-patch-3,455,128,0.5852945559890941
GSD2,2024-06-05-132500-19.374-ZecBatiscan-5280x5280-DJI-M3E-patch-6,455,128,0.590411024983041
GSD2,2024-07-25-013232-5-Mauricie-4000x4000-DJI-FC7303-patch-1,455,128,0.6062429999001324
GSD2,2024-06-28-140859-5-ForetMontmorency-5280x5280-DJI-M3E-patch-8,455,128,0.6034624610329047
GSD2,2024-06-28-141049-5-ForetMontmorency-5280x5280-DJI-M3E-patch-9,455,128,0.6230343308998272
GSD2,2024-06-05-132845-11.897-ZecBatiscan-5280x5280-DJI-M3E-patch-11,455,128,0.6280085439793766
GSD2,2024-06-05-135139-5-ZecBatiscan-5280x5280-DJI-M3E-patch-13,455,128,0.5921827980782837
GSD2,2024-06-05-132546-14.677-ZecBatiscan-5280x5280-DJI-M3E-patch-2,455,128,0.6317549080122262
GSD2,2024-06-05-132110-13.789-ZecBatiscan-5280x5280-DJI-M3E-patch-13,455,128,0.5607183309039101
GSD2,2024-07-09-153909-5-Domtar-5280x5280-DJI-M3E-patch-11,455,128,0.6229344879975542
GSD2,2024-06-19-123535-5-ZecChapais-5280x5280-DJI-M3E-patch-3,455,128,0.6209704480133951
GSD2,2024-06-05-132500-19.374-ZecBatiscan-5280x5280-DJI-M3E-patch-7,455,128,0.6211435829754919
GSD2,2024-07-09-153935-5-Domtar-5280x5280-DJI-M3E-patch-7,455,128,0.6238529410911724
GSD2,2024-06-05-132242-10.131-ZecBatiscan-5280x5280-DJI-M3E-patch-13,455,128,0.5994924419792369
GSD2,2024-07-09-153706-10.393-Domtar-5280x5280-DJI-M3E-patch-13,455,128,0.6013968290062621
GSD2,2023-07-13-113751-5-Lac-Saint-Jean-4000x4000-DJI-FC7303-patch-5,455,128,0.5578284189105034
GSD2,2024-06-19-142608-5-ZecChapais-5280x5280-DJI-M3E-patch-14,455,128,0.6151832239702344
GSD2,2024-07-09-151346-5-Domtar-5280x5280-DJI-M3E-patch-12,455,128,0.6231059719575569
GSD2,2024-06-28-141126-5-ForetMontmorency-5280x5280-DJI-M3E-patch-13,455,128,0.6112528450321406
GSD2,2024-06-05-135305-13.202-ZecBatiscan-5280x5280-DJI-M3E-patch-3,455,128,0.6098159800749272
GSD2,2024-06-19-133924-16.012-ZecChapais-5280x5280-DJI-M3E-patch-2,455,128,0.5667446530424058
GSD2,2024-06-05-132242-10.131-ZecBatiscan-5280x5280-DJI-M3E-patch-8,455,128,0.6135984939755872
GSD2,2024-06-05-135345-13.892-ZecBatiscan-5280x5280-DJI-M3E-patch-8,455,128,0.5932929959380999
GSD2,2024-06-28-141039-5-ForetMontmorency-5280x5280-DJI-M3E-patch-11,455,128,0.5818082889309153
GSD2,2024-07-24-225547-5-Mauricie-4000x4000-DJI-FC7303-patch-1,455,128,0.61975536798127
GSD2,2024-07-20-010912-5-Gaspesie-4000x4000-DJI-FC7303-patch-1,455,128,0.5986064189346507
GSD2,2024-07-09-153909-5-Domtar-5280x5280-DJI-M3E-patch-13,455,128,0.6141356381122023
GSD2,2024-06-28-141002-5-ForetMontmorency-5280x5280-DJI-M3E-patch-2,455,128,0.6164904169272631
GSD2,2024-06-06-015421-5-ZecBatiscan-4000x4000-DJI-FC7303-patch-4,455,128,0.5709954589838162
GSD2,2024-06-28-140820-5-ForetMontmorency-5280x5280-DJI-M3E-patch-8,455,128,0.6386883519589901
GSD2,2024-06-28-140859-5-ForetMontmorency-5280x5280-DJI-M3E-patch-3,455,128,0.5864934970159084
GSD2,2024-06-28-140733-5-ForetMontmorency-5280x5280-DJI-M3E-patch-3,455,128,0.6160351349972188
GSD2,2024-06-06-015421-5-ZecBatiscan-4000x4000-DJI-FC7303-patch-2,455,128,0.6233534190105274
GSD2,2024-06-28-140915-5-ForetMontmorency-5280x5280-DJI-M3E-patch-1,455,128,0.5762954909587279
GSD2,2024-06-19-140613-5-ZecChapais-5280x5280-DJI-M3E-patch-13,455,128,0.6019891538890079
GSD2,2024-07-09-153520-5-Domtar-5280x5280-DJI-M3E-patch-8,455,128,0.5714717109221965
GSD2,2024-06-06-015651-5-ZecBatiscan-4000x4000-DJI-FC7303-patch-5,455,128,0.6222735809860751
GSD2,2024-06-19-133018-5-ZecChapais-5280x5280-DJI-M3E-patch-14,455,128,0.6096084649907425
GSD2,2024-06-28-140733-5-ForetMontmorency-5280x5280-DJI-M3E-patch-9,455,128,0.570444145007059
GSD2,2024-07-09-153909-5-Domtar-5280x5280-DJI-M3E-patch-8,455,128,0.616568527999334
GSD2,2024-06-19-123527-5-ZecChapais-5280x5280-DJI-M3E-patch-8,455,128,0.5911832640413195
GSD2,2024-06-05-135013-5-ZecBatiscan-5280x5280-DJI-M3E-patch-8,455,128,0.6201484480407089
GSD2,2024-06-19-123534-5-ZecChapais-5280x5280-DJI-M3E-patch-14,455,128,0.6002376000396907
GSD2,2024-06-05-135013-5-ZecBatiscan-5280x5280-DJI-M3E-patch-6,455,128,0.5703569030156359
GSD2,2024-07-20-011021-5-Gaspesie-4000x4000-DJI-FC7303-patch-2,455,128,0.629372769035399
GSD2,2024-06-05-141052-5-ZecBatiscan-5280x5280-DJI-M3E-patch-8,455,128,0.6263916140887886
GSD2,2024-07-25-013232-5-Mauricie-4000x4000-DJI-FC7303-patch-2,455,128,0.5959734640782699
GSD2,2024-06-05-131617-19.249-ZecBatiscan-5280x5280-DJI-M3E-patch-7,455,128,0.6299006619956344
GSD3,2024-06-28-140915-5-ForetMontmorency-5280x5280-DJI-M3E-patch-3,303,128,0.39961675298400223
GSD3,2024-06-05-132224-5-ZecBatiscan-5280x5280-DJI-M3E-patch-3,303,128,0.20154257991816849
GSD3,2024-06-05-135345-13.892-ZecBatiscan-5280x5280-DJI-M3E-patch-7,303,128,0.1893831859342754
GSD3,2024-06-05-132546-14.677-ZecBatiscan-5280x5280-DJI-M3E-patch-8,303,128,0.20068736793473363
GSD3,2024-07-09-153706-10.393-Domtar-5280x5280-DJI-M3E-patch-6,303,128,0.18287348293233663
GSD3,2023-07-06-135203-5-Lac-Saint-Jean-4000x4000-DJI-FC7303-patch-5,303,128,0.19968329300172627
GSD3,2024-07-20-010912-5-Gaspesie-4000x4000-DJI-FC7303-patch-5,303,128,0.20977289497386664
GSD3,2024-07-25-013232-5-Mauricie-4000x4000-DJI-FC7303-patch-4,303,128,0.18077112000901252
GSD3,2023-07-13-113751-5-Lac-Saint-Jean-4000x4000-DJI-FC7303-patch-2,303,128,0.2062626580009237
GSD3,2024-06-28-141039-5-ForetMontmorency-5280x5280-DJI-M3E-patch-1,303,128,0.17889621306676418
GSD3,2024-07-25-013232-5-Mauricie-4000x4000-DJI-FC7303-patch-0,303,128,0.20491716405376792
GSD3,2024-06-19-133027-5-ZecChapais-5280x5280-DJI-M3E-patch-8,303,128,0.1969836460193619
GSD3,2023-07-13-095307-5-Lac-Saint-Jean-4000x4000-DJI-FC7303-patch-0,303,128,0.20013519504573196
GSD3,2023-07-13-113751-5-Lac-Saint-Jean-4000x4000-DJI-FC7303-patch-0,303,128,0.19287042296491563
GSD3,2023-07-06-135203-5-Lac-Saint-Jean-4000x4000-DJI-FC7303-patch-3,303,128,0.23380953702144325
GSD3,2024-06-05-135923-5-ZecBatiscan-5280x5280-DJI-M3E-patch-2,303,128,0.17947524797637016
GSD3,2024-06-05-135013-5-ZecBatiscan-5280x5280-DJI-M3E-patch-3,303,128,0.18033406999893486
GSD3,2024-07-09-150417-5-Domtar-5280x5280-DJI-M3E-patch-13,303,128,0.20077973103616387
GSD3,2024-06-05-132224-5-ZecBatiscan-5280x5280-DJI-M3E-patch-9,303,128,0.18356337992008775
GSD3,2023-07-06-135203-5-Lac-Saint-Jean-4000x4000-DJI-FC7303-patch-2,303,128,0.20169843395706266
GSD3,2024-07-24-230025-5-Mauricie-4000x4000-DJI-FC7303-patch-4,303,128,0.1815163290593773
GSD3,2023-07-13-095307-5-Lac-Saint-Jean-4000x4000-DJI-FC7303-patch-1,303,128,0.204795129946433
GSD3,2024-06-19-125736-19.684-ZecChapais-5280x5280-DJI-M3E-patch-13,303,128,0.20471754996106029
GSD3,2024-06-05-132242-10.131-ZecBatiscan-5280x5280-DJI-M3E-patch-14,303,128,0.181479487917386
GSD3,2023-07-06-135203-5-Lac-Saint-Jean-4000x4000-DJI-FC7303-patch-4,303,128,0.19704118696972728
GSD3,2024-06-05-132544-14.673-ZecBatiscan-5280x5280-DJI-M3E-patch-3,303,128,0.19813776505179703
GSD3,2024-06-28-140733-5-ForetMontmorency-5280x5280-DJI-M3E-patch-14,303,128,0.18143697699997574
GSD3,2024-06-28-140859-5-ForetMontmorency-5280x5280-DJI-M3E-patch-13,303,128,0.18851413391530514
GSD3,2023-07-13-095307-5-Lac-Saint-Jean-4000x4000-DJI-FC7303-patch-3,303,128,0.18230030895210803
GSD3,2024-06-05-135645-5-ZecBatiscan-5280x5280-DJI-M3E-patch-8,303,128,0.18066298798657954
GSD3,2024-06-05-132544-14.673-ZecBatiscan-5280x5280-DJI-M3E-patch-6,303,128,0.21358675102237612
GSD3,2024-06-05-132110-13.789-ZecBatiscan-5280x5280-DJI-M3E-patch-8,303,128,0.18027483799960464
GSD3,2024-06-05-135645-5-ZecBatiscan-5280x5280-DJI-M3E-patch-3,303,128,0.2221658549970016
GSD3,2024-06-28-140859-5-ForetMontmorency-5280x5280-DJI-M3E-patch-12,303,128,0.18308825802523643
GSD3,2024-06-05-141052-5-ZecBatiscan-5280x5280-DJI-M3E-patch-3,303,128,0.2027874808991328
GSD3,2024-06-05-135139-5-ZecBatiscan-5280x5280-DJI-M3E-patch-6,303,128,0.18624535808339715
GSD3,2024-07-20-010912-5-Gaspesie-4000x4000-DJI-FC7303-patch-4,303,128,0.2249877559952438
GSD3,2024-06-05-132847-11.962-ZecBatiscan-5280x5280-DJI-M3E-patch-13,303,128,0.2094731079414487
GSD3,2024-07-09-153706-10.393-Domtar-5280x5280-DJI-M3E-patch-12,303,128,0.2240228020818904
GSD3,2023-07-06-123456-5-Lac-Saint-Jean-4000x4000-DJI-FC7303-patch-5,303,128,0.1874477769015357
GSD3,2024-07-25-013232-5-Mauricie-4000x4000-DJI-FC7303-patch-5,303,128,0.20751457894220948
GSD3,2024-06-05-140854-15.512-ZecBatiscan-5280x5280-DJI-M3E-patch-7,303,128,0.19501465698704123
GSD3,2024-07-25-001459-5-Mauricie-4000x4000-DJI-FC7303-patch-0,303,128,0.18078967998735607
GSD3,2024-06-05-132500-19.374-ZecBatiscan-5280x5280-DJI-M3E-patch-13,303,128,0.18610951397567987
GSD3,2024-07-25-001459-5-Mauricie-4000x4000-DJI-FC7303-patch-5,303,128,0.20548764802515507
GSD3,2024-06-05-132224-5-ZecBatiscan-5280x5280-DJI-M3E-patch-13,303,128,0.18399283092003316
GSD3,2024-07-24-225547-5-Mauricie-4000x4000-DJI-FC7303-patch-2,303,128,0.19131343392655253
GSD3,2024-06-06-015541-5-ZecBatiscan-4000x4000-DJI-FC7303-patch-5,303,128,0.20983584702480584
GSD3,2024-06-19-132610-5-ZecChapais-5280x5280-DJI-M3E-patch-7,303,128,0.18689451308455318
GSD3,2024-06-19-132229-5-ZecChapais-5280x5280-DJI-M3E-patch-8,303,128,0.21171512501314282
GSD3,2024-06-05-132224-5-ZecBatiscan-5280x5280-DJI-M3E-patch-11,303,128,0.1798931290395558
GSD3,2024-06-28-141049-5-ForetMontmorency-5280x5280-DJI-M3E-patch-8,303,128,0.19600762194022536
GSD3,2024-07-09-153839-5-Domtar-5280x5280-DJI-M3E-patch-12,303,128,0.22382196690887213
GSD3,2023-07-13-095307-5-Lac-Saint-Jean-4000x4000-DJI-FC7303-patch-5,303,128,0.1944715940626338
GSD3,2023-07-06-135203-5-Lac-Saint-Jean-4000x4000-DJI-FC7303-patch-1,303,128,0.18370451405644417
GSD3,2024-06-19-123534-5-ZecChapais-5280x5280-DJI-M3E-patch-3,303,128,0.24162819201592356
GSD3,2024-06-05-135139-5-ZecBatiscan-5280x5280-DJI-M3E-patch-7,303,128,0.17975592496804893
GSD3,2024-06-05-140448-5-ZecBatiscan-5280x5280-DJI-M3E-patch-7,303,128,0.18368439306505024
GSD3,2024-06-19-133605-12.672-ZecChapais-5280x5280-DJI-M3E-patch-9,303,128,0.21445763297379017
GSD3,2024-06-05-132652-13.669-ZecBatiscan-5280x5280-DJI-M3E-patch-7,303,128,0.1818853080039844
GSD3,2024-06-06-020002-5-ZecBatiscan-4000x4000-DJI-FC7303-patch-3,303,128,0.19758658099453896
GSD3,2023-07-13-095307-5-Lac-Saint-Jean-4000x4000-DJI-FC7303-patch-4,303,128,0.18100252596195787
GSD3,2024-06-05-135531-5-ZecBatiscan-5280x5280-DJI-M3E-patch-7,303,128,0.19962205202318728
GSD3,2024-07-09-153706-10.393-Domtar-5280x5280-DJI-M3E-patch-3,303,128,0.18210180406458676
GSD3,2024-06-05-135139-5-ZecBatiscan-5280x5280-DJI-M3E-patch-11,303,128,0.19848797400482
GSD3,2024-06-19-140732-5-ZecChapais-5280x5280-DJI-M3E-patch-9,303,128,0.20593120995908976
GSD3,2024-07-09-150417-5-Domtar-5280x5280-DJI-M3E-patch-2,303,128,0.1889099139953032
GSD3,2023-07-13-113751-5-Lac-Saint-Jean-4000x4000-DJI-FC7303-patch-3,303,128,0.1839228990720585
GSD3,2024-06-19-134013-18.111-ZecChapais-5280x5280-DJI-M3E-patch-14,303,128,0.20251813402865082
GSD3,2024-06-05-132110-13.789-ZecBatiscan-5280x5280-DJI-M3E-patch-3,303,128,0.18433024897240102
GSD3,2024-06-05-132500-19.374-ZecBatiscan-5280x5280-DJI-M3E-patch-6,303,128,0.21370601409580559
GSD3,2024-07-25-013232-5-Mauricie-4000x4000-DJI-FC7303-patch-1,303,128,0.18132605496793985
GSD3,2024-06-28-140859-5-ForetMontmorency-5280x5280-DJI-M3E-patch-8,303,128,0.1817626259289682
GSD3,2024-06-28-141049-5-ForetMontmorency-5280x5280-DJI-M3E-patch-9,303,128,0.20365196198690683
GSD3,2024-06-05-132845-11.897-ZecBatiscan-5280x5280-DJI-M3E-patch-11,303,128,0.18014000507537276
GSD3,2024-06-05-135139-5-ZecBatiscan-5280x5280-DJI-M3E-patch-13,303,128,0.1985399650875479
GSD3,2024-06-05-132546-14.677-ZecBatiscan-5280x5280-DJI-M3E-patch-2,303,128,0.1802748179761693
GSD3,2024-06-05-132110-13.789-ZecBatiscan-5280x5280-DJI-M3E-patch-13,303,128,0.20499057602137327
GSD3,2024-07-09-153909-5-Domtar-5280x5280-DJI-M3E-patch-11,303,128,0.18809141404926777
GSD3,2024-06-19-123535-5-ZecChapais-5280x5280-DJI-M3E-patch-3,303,128,0.20063625695183873
GSD3,2024-06-05-132500-19.374-ZecBatiscan-5280x5280-DJI-M3E-patch-7,303,128,0.18465536797884852
GSD3,2024-07-09-153935-5-Domtar-5280x5280-DJI-M3E-patch-7,303,128,0.1802614670014009
GSD3,2024-06-05-132242-10.131-ZecBatiscan-5280x5280-DJI-M3E-patch-13,303,128,0.20373849500901997
GSD3,2024-07-09-153706-10.393-Domtar-5280x5280-DJI-M3E-patch-13,303,128,0.17917645105626434
GSD3,2023-07-13-113751-5-Lac-Saint-Jean-4000x4000-DJI-FC7303-patch-5,303,128,0.19879651092924178
GSD3,2024-06-19-142608-5-ZecChapais-5280x5280-DJI-M3E-patch-14,303,128,0.18002679198980331
GSD3,2024-07-09-151346-5-Domtar-5280x5280-DJI-M3E-patch-12,303,128,0.20199636195320636
GSD3,2024-06-28-141126-5-ForetMontmorency-5280x5280-DJI-M3E-patch-13,303,128,0.18629019800573587
GSD3,2024-06-05-135305-13.202-ZecBatiscan-5280x5280-DJI-M3E-patch-3,303,128,0.20002831192687154
GSD3,2024-06-19-133924-16.012-ZecChapais-5280x5280-DJI-M3E-patch-2,303,128,0.18079984094947577
GSD3,2024-06-05-132242-10.131-ZecBatiscan-5280x5280-DJI-M3E-patch-8,303,128,0.20489362301304936
GSD3,2024-06-05-135345-13.892-ZecBatiscan-5280x5280-DJI-M3E-patch-8,303,128,0.18104067700915039
GSD3,2024-06-28-141039-5-ForetMontmorency-5280x5280-DJI-M3E-patch-11,303,128,0.17941335693467408
GSD3,2024-07-24-225547-5-Mauricie-4000x4000-DJI-FC7303-patch-1,303,128,0.2025305450661108
GSD3,2024-07-20-010912-5-Gaspesie-4000x4000-DJI-FC7303-patch-1,303,128,0.18297017610166222
GSD3,2024-07-09-153909-5-Domtar-5280x5280-DJI-M3E-patch-13,303,128,0.20218000502791256
GSD3,2024-06-28-141002-5-ForetMontmorency-5280x5280-DJI-M3E-patch-2,303,128,0.17950785905122757
GSD3,2024-06-06-015421-5-ZecBatiscan-4000x4000-DJI-FC7303-patch-4,303,128,0.201648393063806
GSD3,2024-06-28-140820-5-ForetMontmorency-5280x5280-DJI-M3E-patch-8,303,128,0.18249725294299424
GSD3,2024-06-28-140859-5-ForetMontmorency-5280x5280-DJI-M3E-patch-3,303,128,0.20505050802603364
GSD3,2024-06-28-140733-5-ForetMontmorency-5280x5280-DJI-M3E-patch-3,303,128,0.18444740201812238
GSD3,2024-06-06-015421-5-ZecBatiscan-4000x4000-DJI-FC7303-patch-2,303,128,0.20119594107382
GSD3,2024-06-28-140915-5-ForetMontmorency-5280x5280-DJI-M3E-patch-1,303,128,0.18065244797617197
GSD3,2024-06-19-140613-5-ZecChapais-5280x5280-DJI-M3E-patch-13,303,128,0.20799266104586422
GSD3,2024-07-09-153520-5-Domtar-5280x5280-DJI-M3E-patch-8,303,128,0.18208449298981577
GSD3,2024-06-06-015651-5-ZecBatiscan-4000x4000-DJI-FC7303-patch-5,303,128,0.18977295595686883
GSD3,2024-06-19-133018-5-ZecChapais-5280x5280-DJI-M3E-patch-14,303,128,0.19485754205379635
GSD3,2024-06-28-140733-5-ForetMontmorency-5280x5280-DJI-M3E-patch-9,303,128,0.19467868795618415
GSD3,2024-07-09-153909-5-Domtar-5280x5280-DJI-M3E-patch-8,303,128,0.20341275702230632
GSD3,2024-06-19-123527-5-ZecChapais-5280x5280-DJI-M3E-patch-8,303,128,0.1803698498988524
GSD3,2024-06-05-135013-5-ZecBatiscan-5280x5280-DJI-M3E-patch-8,303,128,0.20111639890819788
GSD3,2024-06-19-123534-5-ZecChapais-5280x5280-DJI-M3E-patch-14,303,128,0.20065494801383466
GSD3,2024-06-05-135013-5-ZecBatiscan-5280x5280-DJI-M3E-patch-6,303,128,0.18341081694234163
GSD3,2024-07-20-011021-5-Gaspesie-4000x4000-DJI-FC7303-patch-2,303,128,0.1992783029563725
GSD3,2024-06-05-141052-5-ZecBatiscan-5280x5280-DJI-M3E-patch-8,303,128,0.20115733006969094
GSD3,2024-07-25-013232-5-Mauricie-4000x4000-DJI-FC7303-patch-2,303,128,0.19132882403209805
GSD3,2024-06-05-131617-19.249-ZecBatiscan-5280x5280-DJI-M3E-patch-7,303,128,0.2029936759499833
GSD4,2024-06-28-140915-5-ForetMontmorency-5280x5280-DJI-M3E-patch-3,202,128,0.06819082598667592
GSD4,2024-06-05-132224-5-ZecBatiscan-5280x5280-DJI-M3E-patch-3,202,128,0.06003168202005327
GSD4,2024-06-05-135345-13.892-ZecBatiscan-5280x5280-DJI-M3E-patch-7,202,128,0.05956566892564297
GSD4,2024-06-05-132546-14.677-ZecBatiscan-5280x5280-DJI-M3E-patch-8,202,128,0.0675762789323926
GSD4,2024-07-09-153706-10.393-Domtar-5280x5280-DJI-M3E-patch-6,202,128,0.06558040995150805
GSD4,2023-07-06-135203-5-Lac-Saint-Jean-4000x4000-DJI-FC7303-patch-5,202,128,0.06060465599875897
GSD4,2024-07-20-010912-5-Gaspesie-4000x4000-DJI-FC7303-patch-5,202,128,0.0602572369389236
GSD4,2024-07-25-013232-5-Mauricie-4000x4000-DJI-FC7303-patch-4,202,128,0.06092570396140218
GSD4,2023-07-13-113751-5-Lac-Saint-Jean-4000x4000-DJI-FC7303-patch-2,202,128,0.06801630998961627
GSD4,2024-06-28-141039-5-ForetMontmorency-5280x5280-DJI-M3E-patch-1,202,128,0.06577996502164751
GSD4,2024-07-25-013232-5-Mauricie-4000x4000-DJI-FC7303-patch-0,202,128,0.06035440997220576
GSD4,2024-06-19-133027-5-ZecChapais-5280x5280-DJI-M3E-patch-8,202,128,0.06259764498099685
GSD4,2023-07-13-095307-5-Lac-Saint-Jean-4000x4000-DJI-FC7303-patch-0,202,128,0.06712775898631662
GSD4,2023-07-13-113751-5-Lac-Saint-Jean-4000x4000-DJI-FC7303-patch-0,202,128,0.06661436590366066
GSD4,2023-07-06-135203-5-Lac-Saint-Jean-4000x4000-DJI-FC7303-patch-3,202,128,0.06555043905973434
GSD4,2024-06-05-135923-5-ZecBatiscan-5280x5280-DJI-M3E-patch-2,202,128,0.060062521952204406
GSD4,2024-06-05-135013-5-ZecBatiscan-5280x5280-DJI-M3E-patch-3,202,128,0.06807111296802759
GSD4,2024-07-09-150417-5-Domtar-5280x5280-DJI-M3E-patch-13,202,128,0.06895243399776518
GSD4,2024-06-05-132224-5-ZecBatiscan-5280x5280-DJI-M3E-patch-9,202,128,0.06561574095394462
GSD4,2023-07-06-135203-5-Lac-Saint-Jean-4000x4000-DJI-FC7303-patch-2,202,128,0.060168024036102
GSD4,2024-07-24-230025-5-Mauricie-4000x4000-DJI-FC7303-patch-4,202,128,0.06086126191075891
GSD4,2023-07-13-095307-5-Lac-Saint-Jean-4000x4000-DJI-FC7303-patch-1,202,128,0.06737679499201477
GSD4,2024-06-19-125736-19.684-ZecChapais-5280x5280-DJI-M3E-patch-13,202,128,0.06623537698760629
GSD4,2024-06-05-132242-10.131-ZecBatiscan-5280x5280-DJI-M3E-patch-14,202,128,0.06684831099119037
GSD4,2023-07-06-135203-5-Lac-Saint-Jean-4000x4000-DJI-FC7303-patch-4,202,128,0.06507822801358998
GSD4,2024-06-05-132544-14.673-ZecBatiscan-5280x5280-DJI-M3E-patch-3,202,128,0.05958092003129423
GSD4,2024-06-28-140733-5-ForetMontmorency-5280x5280-DJI-M3E-patch-14,202,128,0.06596634001471102
GSD4,2024-06-28-140859-5-ForetMontmorency-5280x5280-DJI-M3E-patch-13,202,128,0.06529145198874176
GSD4,2023-07-13-095307-5-Lac-Saint-Jean-4000x4000-DJI-FC7303-patch-3,202,128,0.06294061406515539
GSD4,2024-06-05-135645-5-ZecBatiscan-5280x5280-DJI-M3E-patch-8,202,128,0.06728265201672912
GSD4,2024-06-05-132544-14.673-ZecBatiscan-5280x5280-DJI-M3E-patch-6,202,128,0.06731743295677006
GSD4,2024-06-05-132110-13.789-ZecBatiscan-5280x5280-DJI-M3E-patch-8,202,128,0.06696651503443718
GSD4,2024-06-05-135645-5-ZecBatiscan-5280x5280-DJI-M3E-patch-3,202,128,0.06510597805026919
GSD4,2024-06-28-140859-5-ForetMontmorency-5280x5280-DJI-M3E-patch-12,202,128,0.05931191297713667
GSD4,2024-06-05-141052-5-ZecBatiscan-5280x5280-DJI-M3E-patch-3,202,128,0.06642581103369594
GSD4,2024-06-05-135139-5-ZecBatiscan-5280x5280-DJI-M3E-patch-6,202,128,0.0681152930483222
GSD4,2024-07-20-010912-5-Gaspesie-4000x4000-DJI-FC7303-patch-4,202,128,0.06688049202784896
GSD4,2024-06-05-132847-11.962-ZecBatiscan-5280x5280-DJI-M3E-patch-13,202,128,0.06521197105757892
GSD4,2024-07-09-153706-10.393-Domtar-5280x5280-DJI-M3E-patch-12,202,128,0.06282908096909523
GSD4,2023-07-06-123456-5-Lac-Saint-Jean-4000x4000-DJI-FC7303-patch-5,202,128,0.06714512896724045
GSD4,2024-07-25-013232-5-Mauricie-4000x4000-DJI-FC7303-patch-5,202,128,0.06685018201824278
GSD4,2024-06-05-140854-15.512-ZecBatiscan-5280x5280-DJI-M3E-patch-7,202,128,0.07840626104734838
GSD4,2024-07-25-001459-5-Mauricie-4000x4000-DJI-FC7303-patch-0,202,128,0.06642536108847708
GSD4,2024-06-05-132500-19.374-ZecBatiscan-5280x5280-DJI-M3E-patch-13,202,128,0.07004720193799585
GSD4,2024-07-25-001459-5-Mauricie-4000x4000-DJI-FC7303-patch-5,202,128,0.06577120500151068
GSD4,2024-06-05-132224-5-ZecBatiscan-5280x5280-DJI-M3E-patch-13,202,128,0.059898047940805554
GSD4,2024-07-24-225547-5-Mauricie-4000x4000-DJI-FC7303-patch-2,202,128,0.0723035269184038
GSD4,2024-06-06-015541-5-ZecBatiscan-4000x4000-DJI-FC7303-patch-5,202,128,0.06625607598107308
GSD4,2024-06-19-132610-5-ZecChapais-5280x5280-DJI-M3E-patch-7,202,128,0.06559271004516631
GSD4,2024-06-19-132229-5-ZecChapais-5280x5280-DJI-M3E-patch-8,202,128,0.06018938508350402
GSD4,2024-06-05-132224-5-ZecBatiscan-5280x5280-DJI-M3E-patch-11,202,128,0.0600156900472939
GSD4,2024-06-28-141049-5-ForetMontmorency-5280x5280-DJI-M3E-patch-8,202,128,0.06526931200642139
GSD4,2024-07-09-153839-5-Domtar-5280x5280-DJI-M3E-patch-12,202,128,0.07488736300729215
GSD4,2023-07-13-095307-5-Lac-Saint-Jean-4000x4000-DJI-FC7303-patch-5,202,128,0.0664933230727911
GSD4,2023-07-06-135203-5-Lac-Saint-Jean-4000x4000-DJI-FC7303-patch-1,202,128,0.061091787996701896
GSD4,2024-06-19-123534-5-ZecChapais-5280x5280-DJI-M3E-patch-3,202,128,0.06022486696019769
GSD4,2024-06-05-135139-5-ZecBatiscan-5280x5280-DJI-M3E-patch-7,202,128,0.06316615897230804
GSD4,2024-06-05-140448-5-ZecBatiscan-5280x5280-DJI-M3E-patch-7,202,128,0.06609432306140661
GSD4,2024-06-19-133605-12.672-ZecChapais-5280x5280-DJI-M3E-patch-9,202,128,0.06739148497581482
GSD4,2024-06-05-132652-13.669-ZecBatiscan-5280x5280-DJI-M3E-patch-7,202,128,0.06059366499539465
GSD4,2024-06-06-020002-5-ZecBatiscan-4000x4000-DJI-FC7303-patch-3,202,128,0.061057316954247653
GSD4,2023-07-13-095307-5-Lac-Saint-Jean-4000x4000-DJI-FC7303-patch-4,202,128,0.07681783207226545
GSD4,2024-06-05-135531-5-ZecBatiscan-5280x5280-DJI-M3E-patch-7,202,128,0.06025171699002385
GSD4,2024-07-09-153706-10.393-Domtar-5280x5280-DJI-M3E-patch-3,202,128,0.06432368804235011
GSD4,2024-06-05-135139-5-ZecBatiscan-5280x5280-DJI-M3E-patch-11,202,128,0.06700358598027378
GSD4,2024-06-19-140732-5-ZecChapais-5280x5280-DJI-M3E-patch-9,202,128,0.0721068640705198
GSD4,2024-07-09-150417-5-Domtar-5280x5280-DJI-M3E-patch-2,202,128,0.06039749993942678
GSD4,2023-07-13-113751-5-Lac-Saint-Jean-4000x4000-DJI-FC7303-patch-3,202,128,0.05995458899997175
GSD4,2024-06-19-134013-18.111-ZecChapais-5280x5280-DJI-M3E-patch-14,202,128,0.06088977202307433
GSD4,2024-06-05-132110-13.789-ZecBatiscan-5280x5280-DJI-M3E-patch-3,202,128,0.06833236897364259
GSD4,2024-06-05-132500-19.374-ZecBatiscan-5280x5280-DJI-M3E-patch-6,202,128,0.06344760698266327
GSD4,2024-07-25-013232-5-Mauricie-4000x4000-DJI-FC7303-patch-1,202,128,0.060357679962180555
GSD4,2024-06-28-140859-5-ForetMontmorency-5280x5280-DJI-M3E-patch-8,202,128,0.060527942958287895
GSD4,2024-06-28-141049-5-ForetMontmorency-5280x5280-DJI-M3E-patch-9,202,128,0.05936229496728629
GSD4,2024-06-05-132845-11.897-ZecBatiscan-5280x5280-DJI-M3E-patch-11,202,128,0.07117427000775933
GSD4,2024-06-05-135139-5-ZecBatiscan-5280x5280-DJI-M3E-patch-13,202,128,0.061504667974077165
GSD4,2024-06-05-132546-14.677-ZecBatiscan-5280x5280-DJI-M3E-patch-2,202,128,0.06104586704168469
GSD4,2024-06-05-132110-13.789-ZecBatiscan-5280x5280-DJI-M3E-patch-13,202,128,0.060622605960816145
GSD4,2024-07-09-153909-5-Domtar-5280x5280-DJI-M3E-patch-11,202,128,0.06102904595900327
GSD4,2024-06-19-123535-5-ZecChapais-5280x5280-DJI-M3E-patch-3,202,128,0.0642984879668802
GSD4,2024-06-05-132500-19.374-ZecBatiscan-5280x5280-DJI-M3E-patch-7,202,128,0.060766990063712
GSD4,2024-07-09-153935-5-Domtar-5280x5280-DJI-M3E-patch-7,202,128,0.06781668600160629
GSD4,2024-06-05-132242-10.131-ZecBatiscan-5280x5280-DJI-M3E-patch-13,202,128,0.06716022896580398
GSD4,2024-07-09-153706-10.393-Domtar-5280x5280-DJI-M3E-patch-13,202,128,0.06872332899365574
GSD4,2023-07-13-113751-5-Lac-Saint-Jean-4000x4000-DJI-FC7303-patch-5,202,128,0.05993581796064973
GSD4,2024-06-19-142608-5-ZecChapais-5280x5280-DJI-M3E-patch-14,202,128,0.06036881997715682
GSD4,2024-07-09-151346-5-Domtar-5280x5280-DJI-M3E-patch-12,202,128,0.06200091098435223
GSD4,2024-06-28-141126-5-ForetMontmorency-5280x5280-DJI-M3E-patch-13,202,128,0.0634066560305655
GSD4,2024-06-05-135305-13.202-ZecBatiscan-5280x5280-DJI-M3E-patch-3,202,128,0.06777116504963487
GSD4,2024-06-19-133924-16.012-ZecChapais-5280x5280-DJI-M3E-patch-2,202,128,0.06114842894021422
GSD4,2024-06-05-132242-10.131-ZecBatiscan-5280x5280-DJI-M3E-patch-8,202,128,0.06058795505668968
GSD4,2024-06-05-135345-13.892-ZecBatiscan-5280x5280-DJI-M3E-patch-8,202,128,0.05967654299456626
GSD4,2024-06-28-141039-5-ForetMontmorency-5280x5280-DJI-M3E-patch-11,202,128,0.07616905402392149
GSD4,2024-07-24-225547-5-Mauricie-4000x4000-DJI-FC7303-patch-1,202,128,0.06934494397137314
GSD4,2024-07-20-010912-5-Gaspesie-4000x4000-DJI-FC7303-patch-1,202,128,0.07007881195750087
GSD4,2024-07-09-153909-5-Domtar-5280x5280-DJI-M3E-patch-13,202,128,0.06116217898670584
GSD4,2024-06-28-141002-5-ForetMontmorency-5280x5280-DJI-M3E-patch-2,202,128,0.07243108097463846
GSD4,2024-06-06-015421-5-ZecBatiscan-4000x4000-DJI-FC7303-patch-4,202,128,0.06046979199163616
GSD4,2024-06-28-140820-5-ForetMontmorency-5280x5280-DJI-M3E-patch-8,202,128,0.06478761998005211
GSD4,2024-06-28-140859-5-ForetMontmorency-5280x5280-DJI-M3E-patch-3,202,128,0.06015496398322284
GSD4,2024-06-28-140733-5-ForetMontmorency-5280x5280-DJI-M3E-patch-3,202,128,0.07768371200654656
GSD4,2024-06-06-015421-5-ZecBatiscan-4000x4000-DJI-FC7303-patch-2,202,128,0.06171501299832016
GSD4,2024-06-28-140915-5-ForetMontmorency-5280x5280-DJI-M3E-patch-1,202,128,0.06128369295038283
GSD4,2024-06-19-140613-5-ZecChapais-5280x5280-DJI-M3E-patch-13,202,128,0.07343960599973798
GSD4,2024-07-09-153520-5-Domtar-5280x5280-DJI-M3E-patch-8,202,128,0.07448642293456942
GSD4,2024-06-06-015651-5-ZecBatiscan-4000x4000-DJI-FC7303-patch-5,202,128,0.06675446999724954
GSD4,2024-06-19-133018-5-ZecChapais-5280x5280-DJI-M3E-patch-14,202,128,0.06006952200550586
GSD4,2024-06-28-140733-5-ForetMontmorency-5280x5280-DJI-M3E-patch-9,202,128,0.05949855700600892
GSD4,2024-07-09-153909-5-Domtar-5280x5280-DJI-M3E-patch-8,202,128,0.08579924504738301
GSD4,2024-06-19-123527-5-ZecChapais-5280x5280-DJI-M3E-patch-8,202,128,0.06888420297764242
GSD4,2024-06-05-135013-5-ZecBatiscan-5280x5280-DJI-M3E-patch-8,202,128,0.06646111200097948
GSD4,2024-06-19-123534-5-ZecChapais-5280x5280-DJI-M3E-patch-14,202,128,0.061047406983561814
GSD4,2024-06-05-135013-5-ZecBatiscan-5280x5280-DJI-M3E-patch-6,202,128,0.059856527019292116
GSD4,2024-07-20-011021-5-Gaspesie-4000x4000-DJI-FC7303-patch-2,202,128,0.06737042497843504
GSD4,2024-06-05-141052-5-ZecBatiscan-5280x5280-DJI-M3E-patch-8,202,128,0.06686785200145096
GSD4,2024-07-25-013232-5-Mauricie-4000x4000-DJI-FC7303-patch-2,202,128,0.061466627987101674
GSD4,2024-06-05-131617-19.249-ZecBatiscan-5280x5280-DJI-M3E-patch-7,202,128,0.060586096020415425
GSD5,2024-06-28-140915-5-ForetMontmorency-5280x5280-DJI-M3E-patch-3,135,128,0.024014460970647633
GSD5,2024-06-05-132224-5-ZecBatiscan-5280x5280-DJI-M3E-patch-3,135,128,0.029020825983025134
GSD5,2024-06-05-135345-13.892-ZecBatiscan-5280x5280-DJI-M3E-patch-7,135,128,0.0258932780707255
GSD5,2024-06-05-132546-14.677-ZecBatiscan-5280x5280-DJI-M3E-patch-8,135,128,0.021742073935456574
GSD5,2024-07-09-153706-10.393-Domtar-5280x5280-DJI-M3E-patch-6,135,128,0.02054509404115379
GSD5,2023-07-06-135203-5-Lac-Saint-Jean-4000x4000-DJI-FC7303-patch-5,135,128,0.0205151429399848
GSD5,2024-07-20-010912-5-Gaspesie-4000x4000-DJI-FC7303-patch-5,135,128,0.02040848007891327
GSD5,2024-07-25-013232-5-Mauricie-4000x4000-DJI-FC7303-patch-4,135,128,0.020385810057632625
GSD5,2023-07-13-113751-5-Lac-Saint-Jean-4000x4000-DJI-FC7303-patch-2,135,128,0.025153078022412956
GSD5,2024-06-28-141039-5-ForetMontmorency-5280x5280-DJI-M3E-patch-1,135,128,0.024741128901951015
GSD5,2024-07-25-013232-5-Mauricie-4000x4000-DJI-FC7303-patch-0,135,128,0.0208373109344393
GSD5,2024-06-19-133027-5-ZecChapais-5280x5280-DJI-M3E-patch-8,135,128,0.026870322064496577
GSD5,2023-07-13-095307-5-Lac-Saint-Jean-4000x4000-DJI-FC7303-patch-0,135,128,0.028302417951636016
GSD5,2023-07-13-113751-5-Lac-Saint-Jean-4000x4000-DJI-FC7303-patch-0,135,128,0.022565354011021554
GSD5,2023-07-06-135203-5-Lac-Saint-Jean-4000x4000-DJI-FC7303-patch-3,135,128,0.02013861306477338
GSD5,2024-06-05-135923-5-ZecBatiscan-5280x5280-DJI-M3E-patch-2,135,128,0.021100008045323193
GSD5,2024-06-05-135013-5-ZecBatiscan-5280x5280-DJI-M3E-patch-3,135,128,0.020367298973724246
GSD5,2024-07-09-150417-5-Domtar-5280x5280-DJI-M3E-patch-13,135,128,0.021084406995214522
GSD5,2024-06-05-132224-5-ZecBatiscan-5280x5280-DJI-M3E-patch-9,135,128,0.02078564011026174
GSD5,2023-07-06-135203-5-Lac-Saint-Jean-4000x4000-DJI-FC7303-patch-2,135,128,0.021001595072448254
GSD5,2024-07-24-230025-5-Mauricie-4000x4000-DJI-FC7303-patch-4,135,128,0.02081007999368012
GSD5,2023-07-13-095307-5-Lac-Saint-Jean-4000x4000-DJI-FC7303-patch-1,135,128,0.04251765296794474
GSD5,2024-06-19-125736-19.684-ZecChapais-5280x5280-DJI-M3E-patch-13,135,128,0.03442544105928391
GSD5,2024-06-05-132242-10.131-ZecBatiscan-5280x5280-DJI-M3E-patch-14,135,128,0.02087318093981594
GSD5,2023-07-06-135203-5-Lac-Saint-Jean-4000x4000-DJI-FC7303-patch-4,135,128,0.02392268809489906
GSD5,2024-06-05-132544-14.673-ZecBatiscan-5280x5280-DJI-M3E-patch-3,135,128,0.02218598499894142
GSD5,2024-06-28-140733-5-ForetMontmorency-5280x5280-DJI-M3E-patch-14,135,128,0.020415360922925174
GSD5,2024-06-28-140859-5-ForetMontmorency-5280x5280-DJI-M3E-patch-13,135,128,0.020501142949797213
GSD5,2023-07-13-095307-5-Lac-Saint-Jean-4000x4000-DJI-FC7303-patch-3,135,128,0.02070530701894313
GSD5,2024-06-05-135645-5-ZecBatiscan-5280x5280-DJI-M3E-patch-8,135,128,0.02131987304892391
GSD5,2024-06-05-132544-14.673-ZecBatiscan-5280x5280-DJI-M3E-patch-6,135,128,0.03689816303085536
GSD5,2024-06-05-132110-13.789-ZecBatiscan-5280x5280-DJI-M3E-patch-8,135,128,0.021562040084972978
GSD5,2024-06-05-135645-5-ZecBatiscan-5280x5280-DJI-M3E-patch-3,135,128,0.020772899966686964
GSD5,2024-06-28-140859-5-ForetMontmorency-5280x5280-DJI-M3E-patch-12,135,128,0.021157328970730305
GSD5,2024-06-05-141052-5-ZecBatiscan-5280x5280-DJI-M3E-patch-3,135,128,0.0274943879339844
GSD5,2024-06-05-135139-5-ZecBatiscan-5280x5280-DJI-M3E-patch-6,135,128,0.03687857196200639
GSD5,2024-07-20-010912-5-Gaspesie-4000x4000-DJI-FC7303-patch-4,135,128,0.02062815602403134
GSD5,2024-06-05-132847-11.962-ZecBatiscan-5280x5280-DJI-M3E-patch-13,135,128,0.0209069229895249
GSD5,2024-07-09-153706-10.393-Domtar-5280x5280-DJI-M3E-patch-12,135,128,0.0206408059457317
GSD5,2023-07-06-123456-5-Lac-Saint-Jean-4000x4000-DJI-FC7303-patch-5,135,128,0.027561748982407153
GSD5,2024-07-25-013232-5-Mauricie-4000x4000-DJI-FC7303-patch-5,135,128,0.025499577983282506
GSD5,2024-06-05-140854-15.512-ZecBatiscan-5280x5280-DJI-M3E-patch-7,135,128,0.02129411301575601
GSD5,2024-07-25-001459-5-Mauricie-4000x4000-DJI-FC7303-patch-0,135,128,0.020604365039616823
GSD5,2024-06-05-132500-19.374-ZecBatiscan-5280x5280-DJI-M3E-patch-13,135,128,0.020809320965781808
GSD5,2024-07-25-001459-5-Mauricie-4000x4000-DJI-FC7303-patch-5,135,128,0.020609615021385252
GSD5,2024-06-05-132224-5-ZecBatiscan-5280x5280-DJI-M3E-patch-13,135,128,0.020529343048110604
GSD5,2024-07-24-225547-5-Mauricie-4000x4000-DJI-FC7303-patch-2,135,128,0.020546614076010883
GSD5,2024-06-06-015541-5-ZecBatiscan-4000x4000-DJI-FC7303-patch-5,135,128,0.022853572038002312
GSD5,2024-06-19-132610-5-ZecChapais-5280x5280-DJI-M3E-patch-7,135,128,0.03120674006640911
GSD5,2024-06-19-132229-5-ZecChapais-5280x5280-DJI-M3E-patch-8,135,128,0.025996380019932985
GSD5,2024-06-05-132224-5-ZecBatiscan-5280x5280-DJI-M3E-patch-11,135,128,0.0268572720233351
GSD5,2024-06-28-141049-5-ForetMontmorency-5280x5280-DJI-M3E-patch-8,135,128,0.023156568990089
GSD5,2024-07-09-153839-5-Domtar-5280x5280-DJI-M3E-patch-12,135,128,0.026800971012562513
GSD5,2023-07-13-095307-5-Lac-Saint-Jean-4000x4000-DJI-FC7303-patch-5,135,128,0.02427489694673568
GSD5,2023-07-06-135203-5-Lac-Saint-Jean-4000x4000-DJI-FC7303-patch-1,135,128,0.02090865303762257
GSD5,2024-06-19-123534-5-ZecChapais-5280x5280-DJI-M3E-patch-3,135,128,0.021351044066250324
GSD5,2024-06-05-135139-5-ZecBatiscan-5280x5280-DJI-M3E-patch-7,135,128,0.020823480910621583
GSD5,2024-06-05-140448-5-ZecBatiscan-5280x5280-DJI-M3E-patch-7,135,128,0.020991344936192036
GSD5,2024-06-19-133605-12.672-ZecChapais-5280x5280-DJI-M3E-patch-9,135,128,0.020832940936088562
GSD5,2024-06-05-132652-13.669-ZecBatiscan-5280x5280-DJI-M3E-patch-7,135,128,0.038907852955162525
GSD5,2024-06-06-020002-5-ZecBatiscan-4000x4000-DJI-FC7303-patch-3,135,128,0.033231060951948166
GSD5,2023-07-13-095307-5-Lac-Saint-Jean-4000x4000-DJI-FC7303-patch-4,135,128,0.02443499001674354
GSD5,2024-06-05-135531-5-ZecBatiscan-5280x5280-DJI-M3E-patch-7,135,128,0.023925557965412736
GSD5,2024-07-09-153706-10.393-Domtar-5280x5280-DJI-M3E-patch-3,135,128,0.0240455319872126
GSD5,2024-06-05-135139-5-ZecBatiscan-5280x5280-DJI-M3E-patch-11,135,128,0.023830525926314294
GSD5,2024-06-19-140732-5-ZecChapais-5280x5280-DJI-M3E-patch-9,135,128,0.02207105199340731
GSD5,2024-07-09-150417-5-Domtar-5280x5280-DJI-M3E-patch-2,135,128,0.02063020598143339
GSD5,2023-07-13-113751-5-Lac-Saint-Jean-4000x4000-DJI-FC7303-patch-3,135,128,0.020912513020448387
GSD5,2024-06-19-134013-18.111-ZecChapais-5280x5280-DJI-M3E-patch-14,135,128,0.02118707005865872
GSD5,2024-06-05-132110-13.789-ZecBatiscan-5280x5280-DJI-M3E-patch-3,135,128,0.03125588095281273
GSD5,2024-06-05-132500-19.374-ZecBatiscan-5280x5280-DJI-M3E-patch-6,135,128,0.02295542403589934
GSD5,2024-07-25-013232-5-Mauricie-4000x4000-DJI-FC7303-patch-1,135,128,0.020721338922157884
GSD5,2024-06-28-140859-5-ForetMontmorency-5280x5280-DJI-M3E-patch-8,135,128,0.020486982073634863
GSD5,2024-06-28-141049-5-ForetMontmorency-5280x5280-DJI-M3E-patch-9,135,128,0.02543446607887745
GSD5,2024-06-05-132845-11.897-ZecBatiscan-5280x5280-DJI-M3E-patch-11,135,128,0.023168419022113085
GSD5,2024-06-05-135139-5-ZecBatiscan-5280x5280-DJI-M3E-patch-13,135,128,0.020556473988108337
GSD5,2024-06-05-132546-14.677-ZecBatiscan-5280x5280-DJI-M3E-patch-2,135,128,0.020659107016399503
GSD5,2024-06-05-132110-13.789-ZecBatiscan-5280x5280-DJI-M3E-patch-13,135,128,0.020743938977830112
GSD5,2024-07-09-153909-5-Domtar-5280x5280-DJI-M3E-patch-11,135,128,0.0206650469917804
GSD5,2024-06-19-123535-5-ZecChapais-5280x5280-DJI-M3E-patch-3,135,128,0.03278589004185051
GSD5,2024-06-05-132500-19.374-ZecBatiscan-5280x5280-DJI-M3E-patch-7,135,128,0.03282558103092015
GSD5,2024-07-09-153935-5-Domtar-5280x5280-DJI-M3E-patch-7,135,128,0.020991964964196086
GSD5,2024-06-05-132242-10.131-ZecBatiscan-5280x5280-DJI-M3E-patch-13,135,128,0.020646287011913955
GSD5,2024-07-09-153706-10.393-Domtar-5280x5280-DJI-M3E-patch-13,135,128,0.02535784395877272
GSD5,2023-07-13-113751-5-Lac-Saint-Jean-4000x4000-DJI-FC7303-patch-5,135,128,0.020497962017543614
GSD5,2024-06-19-142608-5-ZecChapais-5280x5280-DJI-M3E-patch-14,135,128,0.020765839028172195
GSD5,2024-07-09-151346-5-Domtar-5280x5280-DJI-M3E-patch-12,135,128,0.02063281601294875
GSD5,2024-06-28-141126-5-ForetMontmorency-5280x5280-DJI-M3E-patch-13,135,128,0.024176314007490873
GSD5,2024-06-05-135305-13.202-ZecBatiscan-5280x5280-DJI-M3E-patch-3,135,128,0.021421896060928702
GSD5,2024-06-19-133924-16.012-ZecChapais-5280x5280-DJI-M3E-patch-2,135,128,0.029713842901401222
GSD5,2024-06-05-132242-10.131-ZecBatiscan-5280x5280-DJI-M3E-patch-8,135,128,0.025331813958473504
GSD5,2024-06-05-135345-13.892-ZecBatiscan-5280x5280-DJI-M3E-patch-8,135,128,0.024789329967461526
GSD5,2024-06-28-141039-5-ForetMontmorency-5280x5280-DJI-M3E-patch-11,135,128,0.02434922894462943
GSD5,2024-07-24-225547-5-Mauricie-4000x4000-DJI-FC7303-patch-1,135,128,0.021257361979223788
GSD5,2024-07-20-010912-5-Gaspesie-4000x4000-DJI-FC7303-patch-1,135,128,0.02002755005378276
GSD5,2024-07-09-153909-5-Domtar-5280x5280-DJI-M3E-patch-13,135,128,0.020904663018882275
GSD5,2024-06-28-141002-5-ForetMontmorency-5280x5280-DJI-M3E-patch-2,135,128,0.020573224988766015
GSD5,2024-06-06-015421-5-ZecBatiscan-4000x4000-DJI-FC7303-patch-4,135,128,0.021233631065115333
GSD5,2024-06-28-140820-5-ForetMontmorency-5280x5280-DJI-M3E-patch-8,135,128,0.020832681097090244
GSD5,2024-06-28-140859-5-ForetMontmorency-5280x5280-DJI-M3E-patch-3,135,128,0.03429541795048863
GSD5,2024-06-28-140733-5-ForetMontmorency-5280x5280-DJI-M3E-patch-3,135,128,0.04003454092890024
GSD5,2024-06-06-015421-5-ZecBatiscan-4000x4000-DJI-FC7303-patch-2,135,128,0.02478065004106611
GSD5,2024-06-28-140915-5-ForetMontmorency-5280x5280-DJI-M3E-patch-1,135,128,0.020332988002337515
GSD5,2024-06-19-140613-5-ZecChapais-5280x5280-DJI-M3E-patch-13,135,128,0.020532082999125123
GSD5,2024-07-09-153520-5-Domtar-5280x5280-DJI-M3E-patch-8,135,128,0.020429081050679088
GSD5,2024-06-06-015651-5-ZecBatiscan-4000x4000-DJI-FC7303-patch-5,135,128,0.02058261400088668
GSD5,2024-06-19-133018-5-ZecChapais-5280x5280-DJI-M3E-patch-14,135,128,0.02078287990298122
GSD5,2024-06-28-140733-5-ForetMontmorency-5280x5280-DJI-M3E-patch-9,135,128,0.02084986201953143
GSD5,2024-07-09-153909-5-Domtar-5280x5280-DJI-M3E-patch-8,135,128,0.02071487798821181
GSD5,2024-06-19-123527-5-ZecChapais-5280x5280-DJI-M3E-patch-8,135,128,0.023135139024816453
GSD5,2024-06-05-135013-5-ZecBatiscan-5280x5280-DJI-M3E-patch-8,135,128,0.054036392015405
GSD5,2024-06-19-123534-5-ZecChapais-5280x5280-DJI-M3E-patch-14,135,128,0.020870942040346563
GSD5,2024-06-05-135013-5-ZecBatiscan-5280x5280-DJI-M3E-patch-6,135,128,0.02037916996050626
GSD5,2024-07-20-011021-5-Gaspesie-4000x4000-DJI-FC7303-patch-2,135,128,0.020548923988826573
GSD5,2024-06-05-141052-5-ZecBatiscan-5280x5280-DJI-M3E-patch-8,135,128,0.023423765902407467
GSD5,2024-07-25-013232-5-Mauricie-4000x4000-DJI-FC7303-patch-2,135,128,0.026389128994196653
GSD5,2024-06-05-131617-19.249-ZecBatiscan-5280x5280-DJI-M3E-patch-7,135,128,0.024350779014639556
