GSD,scale,iou,acc,f1
GSD0,1.0,0.18396430010029027,0.39744971833144793,0.26896587009646783
GSD0,1.0,0.11650866910936082,0.2848750830824569,0.18602254723021058
GSD0,1.0,0.28408433774430075,0.5350789504000476,0.40683592676472796
GSD0,1.0,0.25905424852760683,0.3085345276901739,0.40032992893432184
GSD0,1.0,0.21089713873704538,0.5061258775541928,0.292339404004424
GSD0,1.0,0.3585524065911794,0.5214678414653873,0.497055536925614
GSD0,1.0,0.2879242329611455,0.7782089120967576,0.3870442248726883
GSD0,1.0,0.2963395706003118,0.576559922985142,0.4033804107651082
GSD0,1.0,0.3589474135887308,0.6657692886911762,0.48844338105159074
GSD0,1.0,0.2065186687274146,0.43467965184589297,0.30322642472002215
GSD0,1.0,0.21102786335157764,0.1962182495480525,0.28367518502238936
GSD0,1.0,0.3086445410922839,0.4634242385103186,0.4316890716822689
GSD0,1.0,0.23476019466652018,0.36225151139216943,0.34526635961286595
GSD0,1.0,0.2684271411154021,0.44958637168952864,0.36387331487328145
GSD0,1.0,0.25029877956689417,0.5493936538696289,0.3258398726377961
GSD0,1.0,0.253016790880317,0.6278238939285725,0.3404852942938321
GSD0,1.0,0.12758682088412832,0.24870438848058427,0.20715686389870253
GSD0,1.0,0.06827920153071637,0.18237591814206258,0.1083112391931939
GSD0,1.0,0.10776312428182488,0.3173228008613682,0.16450172189700338
GSD0,1.0,0.28641010461676986,0.627996295369651,0.4037056621405245
GSD0,1.0,0.2900103431565858,0.5886663008810326,0.3814471711604822
GSD0,1.0,0.2626210838096078,0.3725845058938639,0.37344565871393653
GSD0,1.0,0.3295387956291731,0.5856751494684609,0.39725541095869915
GSD0,1.0,0.18781440213476433,0.4402349803811748,0.2760804649650433
GSD0,1.0,0.31801232367080523,0.3464296643983946,0.48247553388982406
GSD0,1.0,0.4123057047621548,0.5982623120279632,0.5671854871792192
GSD0,1.0,0.11683857281245864,0.18949736734280245,0.1998656056030428
GSD0,1.0,0.14688055589867127,0.14890746067261434,0.23258305446546235
GSD0,1.0,0.11904218371801677,0.2493421604985041,0.20149588038290991
GSD0,1.0,0.27053674117718235,0.23285344933130722,0.39638388110714873
GSD0,1.0,0.06407368137953362,0.08777673790162634,0.11480669517562112
GSD0,1.0,0.25375378197207166,0.48838001937224756,0.3462175657512049
GSD0,1.0,0.23600109842801542,0.3287180691129924,0.3335780277006402
GSD0,1.0,0.20610014033939666,0.26079557928325225,0.331718747549926
GSD0,1.0,0.14116544718233584,0.3854075315292742,0.20474726269041008
GSD0,1.0,0.5422860050245153,0.7357737129663724,0.7025158889175369
GSD0,1.0,0.29988563138541735,0.6447316509505312,0.41759535668878583
GSD0,1.0,0.19016259344057448,0.23475322952219202,0.28564132623162763
GSD0,1.0,0.11547013323380659,0.12336992049440319,0.19210477139366516
GSD0,1.0,0.16377063036194767,0.21894623818271805,0.22750153211289947
GSD0,1.0,0.15388355007068197,0.3893847626964986,0.2316501543635097
GSD0,1.0,0.26365398485423236,0.36510121086905356,0.38329891001593547
GSD0,1.0,0.3034986750712785,0.44880589808145166,0.41374211936961947
GSD0,1.0,0.1778419877176654,0.38358227933772093,0.23617252230600647
GSD0,1.0,0.44932353293145766,0.8947439193725586,0.4761102763875844
GSD0,1.0,0.37236340055643896,0.44031056803509283,0.47741045979395563
GSD0,1.0,0.4534519911279351,0.5850169556287911,0.6007458759584016
GSD0,1.0,0.20105002824026327,0.5070345643232247,0.27098249805118785
GSD0,1.0,0.15913376775299368,0.26125232103241286,0.23601779816434018
GSD0,1.0,0.26687822195139815,0.6391163241908457,0.38246437825837276
GSD0,1.0,0.37511506751123586,0.6926363422128362,0.4874247796712634
GSD0,1.0,0.43134107655479337,0.8003049024127862,0.5175351984109211
GSD0,1.0,0.22048035297162624,0.41057796781461847,0.32409034793769553
GSD0,1.0,0.3919942050350162,0.48694176306465037,0.5540823203299474
GSD0,1.0,0.3943334247673276,0.6215542032394735,0.5129844611664442
GSD0,1.0,0.2779740553276551,0.6809859854116246,0.3746160418502533
GSD0,1.0,0.282365845071931,0.5815841503959823,0.37757821155470517
GSD0,1.0,0.3274982500563213,0.7200193475364494,0.4412429140629865
GSD0,1.0,0.34239791811313597,0.6953372997877705,0.4648470594158686
GSD0,1.0,0.29922694880517375,0.47533296274263126,0.44028779347031044
GSD0,1.0,0.42097536106581696,0.4167372795321954,0.5491829661862512
GSD0,1.0,0.21242346856308875,0.21774680967251095,0.35041131256800356
GSD0,1.0,0.16507185712995792,0.3754468140127548,0.26880963360660404
GSD0,1.0,0.22181300170996418,0.3873548815501436,0.3016756338693946
GSD0,1.0,0.39725990628858154,0.4949454493639931,0.5614894148977198
GSD0,1.0,0.22949423709092584,0.5718913331320123,0.2718348511765636
GSD0,1.0,0.33667742705494097,0.3326024870061909,0.44896380271066527
GSD0,1.0,0.306235625404378,0.6100296274309335,0.37983388039863575
GSD0,1.0,0.06784119370912658,0.15585861397161146,0.10663796233930356
GSD0,1.0,0.3483734352855806,0.49186164970968943,0.48421861507326097
GSD0,1.0,0.2550917244928282,0.3222144028157826,0.36562416012084725
GSD0,1.0,0.15854898857975988,0.20882095247941826,0.21711572724700692
GSD0,1.0,0.25657135682707705,0.38462674195720875,0.36824420922773643
GSD0,1.0,0.3371483405902292,0.5203830763375269,0.46838240807131704
GSD0,1.0,0.18336372684135377,0.5457175210333993,0.25337373139165753
GSD0,1.0,0.3284722754420435,0.8847132224705854,0.4182985924490644
GSD0,1.0,0.45440563383079646,0.8941352524492231,0.5293905277561742
GSD0,1.0,0.9816303253172893,0.9816303253173828,0.9907299693988781
GSD0,1.0,0.298511515417333,0.25758411998572,0.3991016064952213
GSD0,1.0,0.2658629049892148,0.465466158677987,0.33713244031085027
GSD0,1.0,0.231710722534442,0.42956750458080367,0.28031804088664886
GSD0,1.0,0.49862963015942385,0.6837687582863109,0.6179695317183821
GSD0,1.0,0.30038148446033963,0.7920892062871184,0.3210013550438415
GSD0,1.0,0.3090944071211667,0.8595534231408009,0.3706790328474429
GSD0,1.0,0.5145332626937419,0.7606448602171039,0.6309685887775731
GSD0,1.0,0.28748095977077354,0.5741662979125977,0.36506398922887
GSD0,1.0,0.4600171103268239,0.6317663192749023,0.4791759244478476
GSD0,1.0,0.44300745592560614,0.6630664512966401,0.5196236604893041
GSD0,1.0,0.4476772697410999,0.8570851632574646,0.5060743366209602
GSD0,1.0,0.5107941971507812,0.699279272091084,0.6357540205700124
GSD0,1.0,0.16184902378939237,0.27030241250424736,0.21840890186694029
GSD0,1.0,0.26702043244851487,0.4228639248801089,0.38193065808280613
GSD0,1.0,0.10927760896160454,0.13548794472427458,0.15161754566022884
GSD0,1.0,0.2402240735056683,0.47503388603551644,0.31680097783969235
GSD0,1.0,0.2579913958009423,0.6603115709311754,0.3360637832056561
GSD0,1.0,0.3127117192528542,0.8100447789477153,0.36581224279291813
GSD0,1.0,0.295289933723539,0.565654090891718,0.36088728662012626
GSD0,1.0,0.042743165802605676,0.09704834703583187,0.07081881541687506
GSD0,1.0,0.1949361445915288,0.2635724975684083,0.2740372086640714
GSD0,1.0,0.07642552472316826,0.037851885695674006,0.13415079045711514
GSD0,1.0,0.12437653548667349,0.2911830985600147,0.16915394706242126
GSD0,1.0,0.06295926169555119,0.07181513925089174,0.0945332147090005
GSD0,1.0,0.25361367102666776,0.7822033159423785,0.31140872377429685
GSD0,1.0,0.08473396306897071,0.08697837278884589,0.15622992554198764
GSD0,1.0,0.22051191619827182,0.18232981734730075,0.2673268275827521
GSD0,1.0,0.26367671205484583,0.34890363298974525,0.33979542053949224
GSD0,1.0,0.5667628074127165,0.8655302116093674,0.679430644668557
GSD0,1.0,0.885691675765732,0.9571777752259716,0.9393811724602694
GSD0,1.0,0.914046040848937,0.9477270934770433,0.9550930055948145
GSD0,1.0,0.3868178321666228,0.7512049318965965,0.5051389776509614
GSD0,1.0,0.2257242021828426,0.691961876650583,0.26917228116545916
GSD0,1.0,0.32646470756465207,0.8755696627070678,0.39167285737975355
GSD0,1.0,0.39514081616638547,0.924890325344858,0.4414286409166376
GSD0,1.0,0.33247308082598254,0.3761784174104904,0.46330330866409525
GSD0,1.0,0.3441496416735994,0.49156635365924534,0.4593510941358919
GSD0,1.0,0.09887977690289299,0.044529480461348435,0.16159124505099287
GSD0,1.0,0.28846604634612427,0.6404409408569336,0.38214398416398704
GSD1,0.6666666666666666,0.1484771808434202,0.46041317890373207,0.22275435257972626
GSD1,0.6666666666666666,0.0905045437193317,0.22711111843804438,0.14819658060817
GSD1,0.6666666666666666,0.21001921401667098,0.4801479036537216,0.32156456173529335
GSD1,0.6666666666666666,0.3156723626250382,0.4369526623693836,0.4559782992811314
GSD1,0.6666666666666666,0.18856842307146646,0.5242650936709541,0.27121022334142614
GSD1,0.6666666666666666,0.25523818720410435,0.4996196224648464,0.3701150331497347
GSD1,0.6666666666666666,0.19672678835448695,0.7408096990690626,0.2608340555081864
GSD1,0.6666666666666666,0.26898583983356716,0.5561250364168024,0.37896295331798735
GSD1,0.6666666666666666,0.3039674973384886,0.6293049015207419,0.41445871587928224
GSD1,0.6666666666666666,0.13349301372162875,0.44078131278718313,0.2010176149586093
GSD1,0.6666666666666666,0.1577996958310898,0.18736600227732014,0.2347280224399325
GSD1,0.6666666666666666,0.30449450045071313,0.48655237681665636,0.42886178654725415
GSD1,0.6666666666666666,0.24698068410639892,0.43137352162248427,0.35199954624319796
GSD1,0.6666666666666666,0.2500503747811438,0.45237353998454594,0.33875111837642746
GSD1,0.6666666666666666,0.25855778760264225,0.5977547166171121,0.33507420482918526
GSD1,0.6666666666666666,0.2598003096105168,0.7382069424789811,0.3426224547601107
GSD1,0.6666666666666666,0.09300287715465902,0.21614197306906882,0.15779391565873696
GSD1,0.6666666666666666,0.08677019438858653,0.21154806491885145,0.13528673935706712
GSD1,0.6666666666666666,0.11144639180961975,0.28537986084499256,0.18023536424938275
GSD1,0.6666666666666666,0.27635016542284674,0.6611866229490945,0.39459754736498576
GSD1,0.6666666666666666,0.35577615756630354,0.5382710733125202,0.5134662223820964
GSD1,0.6666666666666666,0.2853809844144037,0.35788829310130355,0.3950390831520529
GSD1,0.6666666666666666,0.4916682129924824,0.7111442126380865,0.6313572619590154
GSD1,0.6666666666666666,0.18231501457039304,0.5663575243181385,0.235709733856
GSD1,0.6666666666666666,0.33281650798226453,0.33699426650980085,0.49848762398757607
GSD1,0.6666666666666666,0.3117034591558767,0.5621187108091539,0.4345774681899552
GSD1,0.6666666666666666,0.05160631349474685,0.05320589093316813,0.09071918717909515
GSD1,0.6666666666666666,0.11933992581344151,0.13374035558537403,0.19641699034678553
GSD1,0.6666666666666666,0.08647503645570229,0.291615826284746,0.15177826991528068
GSD1,0.6666666666666666,0.2788909967091958,0.32213776060475524,0.4112179972125558
GSD1,0.6666666666666666,0.1720501612026723,0.3071004907338718,0.26275537978786523
GSD1,0.6666666666666666,0.3006570609931457,0.6089686343009545,0.38256672630506133
GSD1,0.6666666666666666,0.17955349382300553,0.2790853683738646,0.2435231534947789
GSD1,0.6666666666666666,0.21906173709083174,0.4469001494040892,0.3169022070308737
GSD1,0.6666666666666666,0.20697221280715417,0.44742855969420237,0.299215456224793
GSD1,0.6666666666666666,0.566594065795258,0.7677232413806606,0.719891165688546
GSD1,0.6666666666666666,0.29331011753816805,0.7075311269516801,0.4087421881825465
GSD1,0.6666666666666666,0.17905183175116632,0.28998382186940946,0.2780300073018397
GSD1,0.6666666666666666,0.12323399322238378,0.18512596168351184,0.19402169398075547
GSD1,0.6666666666666666,0.19778078994366208,0.38516456784675784,0.28588399764880384
GSD1,0.6666666666666666,0.16683642495579812,0.4769417759998751,0.24210705201598273
GSD1,0.6666666666666666,0.2931541350351839,0.4919434251588534,0.3932020259792723
GSD1,0.6666666666666666,0.22459007592497915,0.4396737370166074,0.3207275450979227
GSD1,0.6666666666666666,0.15624294801601588,0.3753365482139893,0.21459609106027433
GSD1,0.6666666666666666,0.4916920973371994,0.9815515478392846,0.4971743635661155
GSD1,0.6666666666666666,0.3970792494974366,0.5151093587442546,0.4935144679867411
GSD1,0.6666666666666666,0.26406650027245987,0.4820070991941274,0.361376374687626
GSD1,0.6666666666666666,0.1741228708997084,0.39848114703340526,0.2560996883283853
GSD1,0.6666666666666666,0.1714008871515515,0.3056374967154678,0.2584876964230255
GSD1,0.6666666666666666,0.256579973556012,0.6766450681661366,0.381637351318868
GSD1,0.6666666666666666,0.41247567763744053,0.7177165244015824,0.5030341584516884
GSD1,0.6666666666666666,0.35607169847973585,0.7522132207473557,0.4503484201025303
GSD1,0.6666666666666666,0.24111463422816787,0.6183233109303148,0.3194466451149186
GSD1,0.6666666666666666,0.3213745753555247,0.6266485835674449,0.451701724968905
GSD1,0.6666666666666666,0.25238633377600883,0.47758084585191746,0.36245497324998194
GSD1,0.6666666666666666,0.2403337101080992,0.6608628860451298,0.3321756390974708
GSD1,0.6666666666666666,0.2269123523891495,0.5245618536082076,0.308322219029817
GSD1,0.6666666666666666,0.2327953392449503,0.6806251914074463,0.30327123814737084
GSD1,0.6666666666666666,0.2469420701251009,0.5542329221902604,0.37179075017962204
GSD1,0.6666666666666666,0.27047379432112917,0.4033300198807157,0.40331401098682085
GSD1,0.6666666666666666,0.44978088433194835,0.4630244555706046,0.5812791034546668
GSD1,0.6666666666666666,0.3022954920063216,0.31252327427749194,0.4642501935669745
GSD1,0.6666666666666666,0.09283570789170717,0.29761011832211365,0.15963091741524238
GSD1,0.6666666666666666,0.25623329492684443,0.4569930785191313,0.33023510326236155
GSD1,0.6666666666666666,0.35561369305247154,0.4690621988030035,0.5112694169480166
GSD1,0.6666666666666666,0.21789430920315914,0.5867490672494237,0.26352608741547945
GSD1,0.6666666666666666,0.2811913436567506,0.34270191410827744,0.3968792768823312
GSD1,0.6666666666666666,0.2929605307937069,0.6116555243873806,0.36945156810775986
GSD1,0.6666666666666666,0.05576157142429781,0.14075380100716123,0.08729775616985697
GSD1,0.6666666666666666,0.22617448836030923,0.4841276375966526,0.30973927587675637
GSD1,0.6666666666666666,0.4033291292926986,0.4889016665958175,0.5379034251502745
GSD1,0.6666666666666666,0.2251378169957419,0.31303104331764287,0.27533905508455353
GSD1,0.6666666666666666,0.23708479507463456,0.4788701643868316,0.327242386405514
GSD1,0.6666666666666666,0.300857803630991,0.6283509248051318,0.44393116359825024
GSD1,0.6666666666666666,0.12209643799995591,0.38972609335060754,0.1832840977275274
GSD1,0.6666666666666666,0.37573133567464934,0.9108716489904456,0.4708044900642393
GSD1,0.6666666666666666,0.36989308583994607,0.7811684302269855,0.4631113264878037
GSD1,0.6666666666666666,0.8857550767540315,0.8857550767542214,0.9394168316998492
GSD1,0.6666666666666666,0.26028423662855654,0.23483764355157857,0.38452751332186297
GSD1,0.6666666666666666,0.25551381493666975,0.42870402764588705,0.35856125139182743
GSD1,0.6666666666666666,0.1911367386596147,0.3501992788005314,0.25306681908405027
GSD1,0.6666666666666666,0.4178028431809521,0.5868110458211064,0.5075455600422716
GSD1,0.6666666666666666,0.31427786686194825,0.8269363859931663,0.3283269287511292
GSD1,0.6666666666666666,0.33293802645747544,0.8868875226931227,0.4048584689765357
GSD1,0.6666666666666666,0.5032543825630568,0.7609475003301004,0.6120805900871404
GSD1,0.6666666666666666,0.298087210976075,0.5948414646433249,0.3735020277627695
GSD1,0.6666666666666666,0.45282145586238676,0.6249879418378569,0.4752426902812933
GSD1,0.6666666666666666,0.43887458990965467,0.6339789296858419,0.5321507590722542
GSD1,0.6666666666666666,0.4199623098968071,0.8702376917112039,0.4564994482998841
GSD1,0.6666666666666666,0.45031373326537794,0.6684711996535296,0.5701115637059249
GSD1,0.6666666666666666,0.12626702970063505,0.20103803257352543,0.19377556024993955
GSD1,0.6666666666666666,0.23311199557144285,0.4611993194682049,0.34807061320272653
GSD1,0.6666666666666666,0.03234334414634529,0.036279707048134796,0.0568832358212944
GSD1,0.6666666666666666,0.23006938610879782,0.46675859137855674,0.3058100591518578
GSD1,0.6666666666666666,0.24762768544769767,0.6519431669186972,0.3279127896559644
GSD1,0.6666666666666666,0.28295330713205463,0.7987210535333096,0.3358089855987244
GSD1,0.6666666666666666,0.32077752134533566,0.6605515096243232,0.38927718067285466
GSD1,0.6666666666666666,0.00347232435716935,0.007844588424200718,0.006872491316135025
GSD1,0.6666666666666666,0.16271448945485217,0.21680872857226657,0.2391376776405706
GSD1,0.6666666666666666,0.07535035212342439,0.03668675449053093,0.11958291536694324
GSD1,0.6666666666666666,0.12421966012131573,0.3295258371206974,0.17785988939959604
GSD1,0.6666666666666666,0.04760315985904264,0.06472317237998214,0.07717249142027054
GSD1,0.6666666666666666,0.20818396891002516,0.8060200911651134,0.22731244772986917
GSD1,0.6666666666666666,0.16472526685287922,0.17790879408260216,0.2828568290826622
GSD1,0.6666666666666666,0.2258348850650195,0.2256304763888708,0.29534164112059574
GSD1,0.6666666666666666,0.2626837177892766,0.38705413974004493,0.33460965175566226
GSD1,0.6666666666666666,0.4978007164087416,0.8295750856424086,0.6094060105667556
GSD1,0.6666666666666666,0.8608665273561749,0.9811437152681343,0.9252318404679637
GSD1,0.6666666666666666,0.929688228191704,0.9624269025531934,0.963563094148807
GSD1,0.6666666666666666,0.3509679457407814,0.7220770242680904,0.4703987277789722
GSD1,0.6666666666666666,0.23434262255908375,0.7177256620291732,0.2752070154776611
GSD1,0.6666666666666666,0.23181897277652558,0.8947907838461083,0.28199808244924496
GSD1,0.6666666666666666,0.3923084417165005,0.9633065106946674,0.43965561834749556
GSD1,0.6666666666666666,0.30994675068280664,0.4398852434068504,0.415624816139014
GSD1,0.6666666666666666,0.30295043326536464,0.5177568199573911,0.41790335728069583
GSD1,0.6666666666666666,0.12223344934303695,0.04192808150090781,0.19640691413044614
GSD1,0.6666666666666666,0.3323237339893385,0.8104907082482117,0.3992569386595315
GSD2,0.4444444444444444,0.12978636199193222,0.6291666934019468,0.17882219566965632
GSD2,0.4444444444444444,0.0037063907639779624,0.00872039087142062,0.007251518656616476
GSD2,0.4444444444444444,0.17709146496470907,0.4118266824706967,0.27431590515691784
GSD2,0.4444444444444444,0.23930386569155418,0.42877463566501756,0.3444016419582746
GSD2,0.4444444444444444,0.10388232501431693,0.5414051320103276,0.1284057010059542
GSD2,0.4444444444444444,0.19292095466837014,0.43996571891393,0.2774130154330456
GSD2,0.4444444444444444,0.12817412521407914,0.6073436683504616,0.17190602953972056
GSD2,0.4444444444444444,0.18075089659053678,0.5172038433471174,0.26164560730740943
GSD2,0.4444444444444444,0.26841224757189186,0.5602776706517547,0.37999829017381453
GSD2,0.4444444444444444,0.09107541921550623,0.424406210438627,0.12879175842311724
GSD2,0.4444444444444444,0.11505741217876352,0.15176327273287998,0.18623564936266537
GSD2,0.4444444444444444,0.17998496825281776,0.3858368664918263,0.27535230840670016
GSD2,0.4444444444444444,0.2584277796122192,0.5493883858927816,0.34602672875364765
GSD2,0.4444444444444444,0.22443844691180406,0.39984555516860226,0.30582854416193295
GSD2,0.4444444444444444,0.15490116419375868,0.5874556213017752,0.19261118271267044
GSD2,0.4444444444444444,0.2623494225205837,0.6679101676849865,0.3504582022593889
GSD2,0.4444444444444444,0.11509651578875742,0.33691819052289873,0.17485320129281845
GSD2,0.4444444444444444,0.045427286891162454,0.1219949737111868,0.07903770479222091
GSD2,0.4444444444444444,0.09081548852937057,0.2902183744669854,0.14394222698722597
GSD2,0.4444444444444444,0.14984791742227957,0.5057370730550285,0.2282020520842313
GSD2,0.4444444444444444,0.45410620435567917,0.6598389622628436,0.6201016185887471
GSD2,0.4444444444444444,0.2674016938784056,0.2385895024159935,0.3711686688585154
GSD2,0.4444444444444444,0.617914445162558,0.8067993446881937,0.7609511374375468
GSD2,0.4444444444444444,0.27439269818192363,0.8826556926118537,0.3010048045333037
GSD2,0.4444444444444444,0.27774076747933224,0.3559822309970385,0.4307852247883014
GSD2,0.4444444444444444,0.3298724927927727,0.5839639965858832,0.4555115427779829
GSD2,0.4444444444444444,0.04414781371025178,0.049204052098408106,0.07854164618600902
GSD2,0.4444444444444444,0.06638500454342824,0.03458025886052982,0.10114255216243206
GSD2,0.4444444444444444,0.061921886241664156,0.27245949926362295,0.10792791741544726
GSD2,0.4444444444444444,0.1309135222342872,0.23026867718614813,0.1866268572355904
GSD2,0.4444444444444444,0.17296448344012155,0.41447259999843045,0.2408759259922813
GSD2,0.4444444444444444,0.24379456915107936,0.5347521698782685,0.29961043723162784
GSD2,0.4444444444444444,0.1461842111258986,0.20207287287000494,0.20848539051903126
GSD2,0.4444444444444444,0.21406498704081436,0.5673092192550625,0.27789629923547665
GSD2,0.4444444444444444,0.21311228071375016,0.48117865570324736,0.30404501459951017
GSD2,0.4444444444444444,0.5273135388143612,0.8020396978878607,0.686985907822166
GSD2,0.4444444444444444,0.2435870936668517,0.6542514534883721,0.3499815451589846
GSD2,0.4444444444444444,0.1438659274375842,0.2996998595673205,0.2304224252348219
GSD2,0.4444444444444444,0.06770788403716943,0.11498065980979313,0.11644740812871654
GSD2,0.4444444444444444,0.2020370721855636,0.3840517497853676,0.28161750763730925
GSD2,0.4444444444444444,0.16850833061524592,0.6153954404728399,0.20932114726196516
GSD2,0.4444444444444444,0.23560038926083826,0.47258690241654666,0.3253492299255507
GSD2,0.4444444444444444,0.18884142079995894,0.4757779201604591,0.2707938559721096
GSD2,0.4444444444444444,0.09822546011974405,0.33397206210728564,0.1367513943958152
GSD2,0.4444444444444444,0.4330050257666524,0.8649100350199251,0.4648808138465038
GSD2,0.4444444444444444,0.4208790566406437,0.5738870122558573,0.5009444365614444
GSD2,0.4444444444444444,0.2795556522597109,0.5351699528244829,0.37224792996508776
GSD2,0.4444444444444444,0.11176415436958798,0.23782385803147474,0.17854199061468837
GSD2,0.4444444444444444,0.0958711458708799,0.248137183712227,0.15428098513219476
GSD2,0.4444444444444444,0.24009782779080674,0.6662615937237522,0.33899339549973967
GSD2,0.4444444444444444,0.23823709657062167,0.6443755917032447,0.30140414579485564
GSD2,0.4444444444444444,0.23175040843864236,0.6518362593494467,0.2761336494526711
GSD2,0.4444444444444444,0.24820947461542625,0.784658310378453,0.3256307340882573
GSD2,0.4444444444444444,0.22627667533250526,0.6652978906989074,0.2850459175822862
GSD2,0.4444444444444444,0.23282137046306461,0.48534720312655405,0.3150584601512258
GSD2,0.4444444444444444,0.1824089331732911,0.6111488427981819,0.2656380826535479
GSD2,0.4444444444444444,0.1104176969353339,0.34323021918234103,0.17461690248302925
GSD2,0.4444444444444444,0.23025562340556247,0.6687681766648592,0.30318608213149
GSD2,0.4444444444444444,0.19883076262884608,0.46977857913958243,0.3109292962663256
GSD2,0.4444444444444444,0.2643859973983308,0.40726357188698187,0.3990088238750523
GSD2,0.4444444444444444,0.3131896999358128,0.3870335334923638,0.47169977703674504
GSD2,0.4444444444444444,0.32121890563065125,0.33906008727760995,0.4862462646507093
GSD2,0.4444444444444444,0.039682748824433456,0.25705140394244785,0.07225384225244127
GSD2,0.4444444444444444,0.3678956874554051,0.5813140726933831,0.4545206423211506
GSD2,0.4444444444444444,0.21493677432442548,0.34921801333116564,0.3081179302886166
GSD2,0.4444444444444444,0.21083082521369337,0.5834465639650132,0.2582931502064522
GSD2,0.4444444444444444,0.24111401423111195,0.6815454267799717,0.3414290565635532
GSD2,0.4444444444444444,0.215555616524651,0.43746954911814245,0.3012422733663584
GSD2,0.4444444444444444,0.053831288481356085,0.13039478769207322,0.08483002114696679
GSD2,0.4444444444444444,0.23148261548626917,0.40470330411328387,0.316225650655793
GSD2,0.4444444444444444,0.4878849657306936,0.5671135356428006,0.628309228332027
GSD2,0.4444444444444444,0.19289525996576704,0.27008769691516366,0.24977340407650747
GSD2,0.4444444444444444,0.2652444596841688,0.48533714720585724,0.37689298520797165
GSD2,0.4444444444444444,0.21993032310794006,0.6292376557132447,0.3415003042097628
GSD2,0.4444444444444444,0.11596710223499565,0.36208775762836415,0.1780270381220416
GSD2,0.4444444444444444,0.27920155776157446,0.9182490396289883,0.3365065767112784
GSD2,0.4444444444444444,0.3834634921946018,0.8173881594149027,0.4712147426058979
GSD2,0.4444444444444444,0.9278106508871258,0.927810650887574,0.9625536640045608
GSD2,0.4444444444444444,0.21909458194846448,0.22382807051426487,0.3525795649488849
GSD2,0.4444444444444444,0.3159483450241886,0.5262358923743724,0.42191296255969046
GSD2,0.4444444444444444,0.17016923414863572,0.3013156698903519,0.2482123160417694
GSD2,0.4444444444444444,0.3741411898292194,0.5643184263599842,0.44075108958801495
GSD2,0.4444444444444444,0.3458487922340117,0.8749129603295248,0.3860454574378039
GSD2,0.4444444444444444,0.269703224222561,0.8920684608070426,0.29816125950328254
GSD2,0.4444444444444444,0.42966540789760377,0.7373366563384076,0.5038137019505636
GSD2,0.4444444444444444,0.3072838919797669,0.6125105663567202,0.3806391723270534
GSD2,0.4444444444444444,0.43469023214242924,0.6018451877792537,0.4650633908778755
GSD2,0.4444444444444444,0.4315208670462274,0.6458705419611555,0.4632433465276338
GSD2,0.4444444444444444,0.4419352475825559,0.9468752942653568,0.46917792404613434
GSD2,0.4444444444444444,0.3120724729215136,0.6189302804650268,0.3612796157404026
GSD2,0.4444444444444444,0.20494389918975386,0.3275164982890663,0.2958117908491827
GSD2,0.4444444444444444,0.22138955464520924,0.5149170918705964,0.3227171716670443
GSD2,0.4444444444444444,0.00979191506480391,0.009800461717176173,0.018815932161537725
GSD2,0.4444444444444444,0.22818344265431212,0.473907532625784,0.3076354821170478
GSD2,0.4444444444444444,0.2167889664846593,0.5867973244349152,0.297678906698404
GSD2,0.4444444444444444,0.2377444917100763,0.7236179069597605,0.2982200030481301
GSD2,0.4444444444444444,0.32160708776355307,0.6925432696841698,0.39021469235058126
GSD2,0.4444444444444444,0.02630409233876666,0.055592665005680185,0.04669817255374856
GSD2,0.4444444444444444,0.16076765291675715,0.29462002633304696,0.24304949240082824
GSD2,0.4444444444444444,0.08377718360039972,0.05330125175446134,0.1280679085790494
GSD2,0.4444444444444444,0.09790223537115546,0.3259297901415878,0.13667806711234182
GSD2,0.4444444444444444,0.039993328686446845,0.11378401662190239,0.06865376349748083
GSD2,0.4444444444444444,0.26808193182955903,0.8072187994111554,0.29716784437965393
GSD2,0.4444444444444444,0.17430877207164477,0.18031426319717123,0.2968703958042652
GSD2,0.4444444444444444,0.2105367309510283,0.2344051329055912,0.28226626144744377
GSD2,0.4444444444444444,0.25699068777374945,0.3698804576971351,0.3310992939312822
GSD2,0.4444444444444444,0.41806433660719783,0.7989606058326437,0.5002513176070822
GSD2,0.4444444444444444,0.8538212892794599,0.9773456150748592,0.9211473058644222
GSD2,0.4444444444444444,0.9415996287124161,0.9848705501618124,0.969921467082072
GSD2,0.4444444444444444,0.2824568441381888,0.6539045474153627,0.38239323190050845
GSD2,0.4444444444444444,0.2413084941876588,0.7415676437373202,0.2799523323639296
GSD2,0.4444444444444444,0.19000949653803217,0.8707514335355734,0.21591520992527907
GSD2,0.4444444444444444,0.3606122664625306,0.9660382953771912,0.41901824960906253
GSD2,0.4444444444444444,0.24264478122702407,0.41379835806396315,0.34622235520401795
GSD2,0.4444444444444444,0.25337138852104263,0.518256638231407,0.37364643534577235
GSD2,0.4444444444444444,0.08555905525509966,0.027907373206421365,0.14506400232464345
GSD2,0.4444444444444444,0.28203691941430964,0.8171911604878638,0.3055471106535044
GSD3,0.2962962962962963,0.04387882868905933,0.15534809668548272,0.07434518650429445
GSD3,0.2962962962962963,0.0,0.0,0.0
GSD3,0.2962962962962963,0.060998022889752444,0.18589553188780922,0.09806817191390374
GSD3,0.2962962962962963,0.002793429471865809,0.00708289611752361,0.005525120502321697
GSD3,0.2962962962962963,0.09071666111650849,0.42262778707276266,0.11803215000124441
GSD3,0.2962962962962963,0.24163332747994015,0.29949238578680204,0.32414350205870257
GSD3,0.2962962962962963,0.08914160580297727,0.562708136977694,0.12331895101658466
GSD3,0.2962962962962963,0.11686233938819586,0.4464564770390679,0.1706544826084265
GSD3,0.2962962962962963,0.21444565907200897,0.43364114056100767,0.31600116434371456
GSD3,0.2962962962962963,0.019495488375113623,0.06571546977680422,0.03552781077405688
GSD3,0.2962962962962963,0.08006088280022401,0.08674744809388236,0.1291114220105039
GSD3,0.2962962962962963,0.13460112572768607,0.3515804873369148,0.20778767364535147
GSD3,0.2962962962962963,0.2746311727025991,0.5871897430277793,0.3641437123332875
GSD3,0.2962962962962963,0.13590132864040488,0.1748600300423324,0.19861025006637278
GSD3,0.2962962962962963,0.14510064328189226,0.5595638771797972,0.18484413927239174
GSD3,0.2962962962962963,0.2373816378929103,0.6975508200605948,0.314195549851029
GSD3,0.2962962962962963,0.08445189761128982,0.33497446158706756,0.12897175828719676
GSD3,0.2962962962962963,0.01979794161312144,0.06422480547832739,0.03737305125125711
GSD3,0.2962962962962963,0.008066717209993992,0.03171449010412527,0.015507940513092566
GSD3,0.2962962962962963,0.07262330595990651,0.4816640213850138,0.1065547940347723
GSD3,0.2962962962962963,0.3075363434228713,0.4708179716303193,0.4646088992572369
GSD3,0.2962962962962963,0.08737833192498368,0.17775523103023852,0.14432272909195604
GSD3,0.2962962962962963,0.5760820271996985,0.8058931537990732,0.7242121673796595
GSD3,0.2962962962962963,0.23057301931570498,0.7612538926654308,0.27259018471536717
GSD3,0.2962962962962963,0.2724144505158749,0.3894856354144636,0.40772810689782707
GSD3,0.2962962962962963,0.12280964294165825,0.08979758502012483,0.17222778420595114
GSD3,0.2962962962962963,0.01704037116731636,0.01386854022376132,0.032967778069568
GSD3,0.2962962962962963,0.0023980815347146743,0.0008523841183791064,0.004739328320141673
GSD3,0.2962962962962963,0.04002336053230737,0.2543514879281303,0.07018964444026062
GSD3,0.2962962962962963,0.05759651434053494,0.09681928820472337,0.0900183343323673
GSD3,0.2962962962962963,0.07493903399523162,0.12348213969625092,0.12128248836183067
GSD3,0.2962962962962963,0.13246624554802192,0.26572479492743584,0.1744995418509667
GSD3,0.2962962962962963,0.003367274849482352,0.014167784042261029,0.006601174475107902
GSD3,0.2962962962962963,0.13157450179946134,0.3388459360445631,0.1916621572938746
GSD3,0.2962962962962963,0.1633166605709435,0.5417523468931604,0.25908709387427953
GSD3,0.2962962962962963,0.3967768460807812,0.6632141284116904,0.566995161094969
GSD3,0.2962962962962963,0.17416652547063807,0.551193444959031,0.25262541076607964
GSD3,0.2962962962962963,0.04241457155806844,0.09859213250517598,0.07586980258277136
GSD3,0.2962962962962963,0.018819544940847015,0.048963266056733026,0.034533658603800324
GSD3,0.2962962962962963,0.16098089345204794,0.3463484761357102,0.240592744555844
GSD3,0.2962962962962963,0.132622937106803,0.4915547913497785,0.17533804316824586
GSD3,0.2962962962962963,0.01984818852004198,0.09185413891413419,0.037369055186330345
GSD3,0.2962962962962963,0.16836877468106964,0.373004007688732,0.2542889037331149
GSD3,0.2962962962962963,0.05492426573778601,0.22006112483752738,0.07885631682700685
GSD3,0.2962962962962963,0.4514149093755637,0.9020030715942882,0.47506530343479564
GSD3,0.2962962962962963,0.23653499904546313,0.19000427167876976,0.3399780424408436
GSD3,0.2962962962962963,0.22290701175233715,0.5479992271936903,0.28900041589976216
GSD3,0.2962962962962963,0.07722638927199492,0.10824516515685868,0.13087482876072068
GSD3,0.2962962962962963,0.06265911851126545,0.12694776589049717,0.10644942382279114
GSD3,0.2962962962962963,0.1326283525083983,0.49121005255844863,0.19829424240150265
GSD3,0.2962962962962963,0.19123162982386174,0.5437547714245048,0.2578794454038329
GSD3,0.2962962962962963,0.21679506714293495,0.6412895435206897,0.2627205498647408
GSD3,0.2962962962962963,0.2462256442168435,0.8110568740165066,0.32782026536558445
GSD3,0.2962962962962963,0.19353368484554723,0.5806466734638869,0.2399755725021123
GSD3,0.2962962962962963,0.1728252766211109,0.3386219640971489,0.23920733860643606
GSD3,0.2962962962962963,0.13923743935111188,0.5678186985524747,0.20550994924142665
GSD3,0.2962962962962963,0.0505044265944486,0.25255159264244054,0.085677892975661
GSD3,0.2962962962962963,0.2092983977586985,0.6326471634358883,0.28446463206224976
GSD3,0.2962962962962963,0.08135668438099372,0.31018500537279425,0.13958928552945352
GSD3,0.2962962962962963,0.17837293394249143,0.24095490913141138,0.26812962529025225
GSD3,0.2962962962962963,0.22402691454116774,0.3001484505474114,0.35510308669750135
GSD3,0.2962962962962963,0.4411421100936815,0.48013986860827707,0.612211764129313
GSD3,0.2962962962962963,0.021113184422902855,0.2277784395473496,0.0381943438671635
GSD3,0.2962962962962963,0.37086848391138444,0.5713992028050299,0.4634139712855821
GSD3,0.2962962962962963,0.04875335314143692,0.057473455740012905,0.0888314016387917
GSD3,0.2962962962962963,0.19236085984368378,0.549973474801061,0.24394518038868562
GSD3,0.2962962962962963,0.16446932424171495,0.537547644148893,0.24553027392693105
GSD3,0.2962962962962963,0.02126326997146954,0.04262799384750604,0.04079179886885723
GSD3,0.2962962962962963,0.0,0.0,0.0
GSD3,0.2962962962962963,0.04236693003089139,0.04778202422375601,0.07663903540438874
GSD3,0.2962962962962963,0.5124062468185272,0.6861420921586684,0.6718852657524469
GSD3,0.2962962962962963,0.20014392381205381,0.3703103709311128,0.2948966737153116
GSD3,0.2962962962962963,0.1072694680737969,0.10454209202544755,0.16676992345185904
GSD3,0.2962962962962963,0.10758737133747578,0.40747268241099754,0.19334599081726936
GSD3,0.2962962962962963,0.08640835995198175,0.28084652083495515,0.14129261278249122
GSD3,0.2962962962962963,0.237344169611275,0.8959499949501184,0.2700747953696908
GSD3,0.2962962962962963,0.26124878393800804,0.606570930258896,0.36296811142900226
GSD3,0.2962962962962963,0.8022416102987701,0.8022416102996438,0.8902708285064516
GSD3,0.2962962962962963,0.09355542962574086,0.12792372009728592,0.1650064445453522
GSD3,0.2962962962962963,0.289082930730433,0.41030758251992694,0.3996044115438535
GSD3,0.2962962962962963,0.03728031740388791,0.0566467715680955,0.07055312915158413
GSD3,0.2962962962962963,0.37369210144328807,0.5311852339502109,0.4590430471382607
GSD3,0.2962962962962963,0.411651547229025,0.7912063607913391,0.5021992556197178
GSD3,0.2962962962962963,0.26898877808221644,0.812907965411759,0.31704834633561507
GSD3,0.2962962962962963,0.38201739332178314,0.7180389723850644,0.43913028165612633
GSD3,0.2962962962962963,0.32330403178981343,0.6433682972257622,0.392690913111929
GSD3,0.2962962962962963,0.383320867613464,0.5358951736757834,0.4339542511397958
GSD3,0.2962962962962963,0.2981216849681301,0.4216787307996742,0.37352908867188156
GSD3,0.2962962962962963,0.43366817143371883,0.9360733286932723,0.4644778106089546
GSD3,0.2962962962962963,0.2535949553267089,0.5403293918918919,0.2880476150762572
GSD3,0.2962962962962963,0.2351331406795999,0.3938426558570559,0.33575564755285514
GSD3,0.2962962962962963,0.20583308161518174,0.6008453672438154,0.27970157199329304
GSD3,0.2962962962962963,0.0009933774833614753,9.943817431511957e-05,0.0019769355525459586
GSD3,0.2962962962962963,0.2558533985626308,0.51799558390579,0.3304109618163679
GSD3,0.2962962962962963,0.1427900408412224,0.4606427890507967,0.19874025609533433
GSD3,0.2962962962962963,0.1614178814906897,0.4805866923864077,0.22878480400509066
GSD3,0.2962962962962963,0.30560116144598415,0.6836667300997392,0.3784331043531286
GSD3,0.2962962962962963,0.07468724941540861,0.2067263292141255,0.12363391241037643
GSD3,0.2962962962962963,0.15148663185947286,0.38620705466967775,0.23115618917879877
GSD3,0.2962962962962963,0.023170637674275806,0.015527308427633958,0.04241054433066747
GSD3,0.2962962962962963,0.07720887353987708,0.2588115015974441,0.11692963216377256
GSD3,0.2962962962962963,0.010930147900140078,0.030296104133572564,0.02094014869219324
GSD3,0.2962962962962963,0.22473317035331855,0.6951224010524892,0.26846639833916014
GSD3,0.2962962962962963,0.3037601563927183,0.3127643848972339,0.46597547889513646
GSD3,0.2962962962962963,0.12214633098231052,0.1911137558266389,0.19410137639281033
GSD3,0.2962962962962963,0.15663651066831447,0.29736263736263735,0.21568592193431385
GSD3,0.2962962962962963,0.4739090026343172,0.7784438757475929,0.6054519484664103
GSD3,0.2962962962962963,0.8636800489265828,0.987969267287151,0.9268543739681229
GSD3,0.2962962962962963,0.8928053395560263,0.9334549600912201,0.9433672587273365
GSD3,0.2962962962962963,0.2925633482274706,0.6782358290391027,0.389472926180768
GSD3,0.2962962962962963,0.25657874928462887,0.7681231268449873,0.2899626821330163
GSD3,0.2962962962962963,0.18841180642676805,0.864473815960749,0.2148799288597456
GSD3,0.2962962962962963,0.3500480137746001,0.9636731035111442,0.41179790725988985
GSD3,0.2962962962962963,0.1646089981330574,0.3239234997709574,0.24012251613116367
GSD3,0.2962962962962963,0.13012696494622022,0.43265427750988783,0.1933513410177855
GSD3,0.2962962962962963,0.0,0.0,0.0
GSD3,0.2962962962962963,0.07635243893895496,0.21390059798059013,0.12424551999515869
GSD4,0.19753086419753085,0.0,0.0,0.0
GSD4,0.19753086419753085,0.025929223273133115,0.31407082419304294,0.04502350682930551
GSD4,0.19753086419753085,0.08016053635084167,0.24906832298136647,0.1213962894906062
GSD4,0.19753086419753085,0.0,0.0,0.0
GSD4,0.19753086419753085,0.06552561710935324,0.26887498560626416,0.0948212739901363
GSD4,0.19753086419753085,0.011741480813052676,0.023552455570418497,0.022909089234638427
GSD4,0.19753086419753085,0.08663709831001432,0.5635797224582272,0.12090143520537433
GSD4,0.19753086419753085,0.10664630860389206,0.3662102146558105,0.14951269295921255
GSD4,0.19753086419753085,0.1827052773190698,0.3988260869565217,0.2751295391903889
GSD4,0.19753086419753085,0.025345491617508646,0.1489135136933879,0.04498956519152232
GSD4,0.19753086419753085,0.0,0.0,0.0
GSD4,0.19753086419753085,0.03756165838759698,0.07657207657207657,0.06600377742414158
GSD4,0.19753086419753085,0.08873060396874972,0.20826552251319227,0.14015348346642462
GSD4,0.19753086419753085,0.03675632385404621,0.037177386317083165,0.06688160441697445
GSD4,0.19753086419753085,0.1556758763920764,0.6132977159102049,0.19411928807126363
GSD4,0.19753086419753085,0.1611111275143149,0.5212571428571429,0.24556744986840864
GSD4,0.19753086419753085,0.0,0.0,0.0
GSD4,0.19753086419753085,0.01132056898158527,0.05788833424220815,0.02120108396124426
GSD4,0.19753086419753085,0.0,0.0,0.0
GSD4,0.19753086419753085,0.05531610175252229,0.3050280169982325,0.08666291793022013
GSD4,0.19753086419753085,0.010769612332040053,0.015478242515917966,0.021277572268825578
GSD4,0.19753086419753085,0.010673210092065556,0.026509627967844458,0.020472388199682584
GSD4,0.19753086419753085,0.17962308597927862,0.0750381341337401,0.264298070214279
GSD4,0.19753086419753085,0.00853020189988498,0.025170939006783077,0.01663470915115544
GSD4,0.19753086419753085,0.003973490934117588,0.006939399253450911,0.007884324155397115
GSD4,0.19753086419753085,0.009290540539755867,0.001155067860236789,0.017915298419519193
GSD4,0.19753086419753085,0.008832599118864911,0.015029985007496251,0.017062374227457683
GSD4,0.19753086419753085,0.003990610328404307,0.0013038809633379353,0.007825079180830178
GSD4,0.19753086419753085,0.020770465489488823,0.2041975698279943,0.03626782862961612
GSD4,0.19753086419753085,0.018287222202634068,0.049299948144306986,0.034578193590981646
GSD4,0.19753086419753085,0.0027363184078921317,0.0021890547263681594,0.0053987694412585534
GSD4,0.19753086419753085,0.09852489644817701,0.170650592392434,0.14748461590342082
GSD4,0.19753086419753085,0.008288713267147826,0.02471469070291488,0.01593631655479599
GSD4,0.19753086419753085,0.0,0.0,0.0
GSD4,0.19753086419753085,0.08983222227623044,0.46923025300315413,0.13542260588162952
GSD4,0.19753086419753085,0.14022495605803037,0.2918680193298557,0.23278458732514154
GSD4,0.19753086419753085,0.08245775947720269,0.37202226047964126,0.12401237283906534
GSD4,0.19753086419753085,0.016679588232706596,0.1443145292774957,0.030324383105486647
GSD4,0.19753086419753085,0.002492917847005318,0.005310161718561429,0.004924448289902872
GSD4,0.19753086419753085,0.1045134359888958,0.31857796186038484,0.14770889475158078
GSD4,0.19753086419753085,0.018052358439927925,0.13028462546147435,0.032576245283267365
GSD4,0.19753086419753085,0.013697141615194404,0.08435995072236532,0.025648332585956803
GSD4,0.19753086419753085,0.02840806888984033,0.06039794245661636,0.04695566735238643
GSD4,0.19753086419753085,0.038675559527995736,0.20918528667790895,0.06519478152621555
GSD4,0.19753086419753085,0.9901235172997987,0.9901235173022253,0.995037201399559
GSD4,0.19753086419753085,0.006375027478426577,0.002389519074953995,0.012510782041639865
GSD4,0.19753086419753085,0.2056677823298555,0.48265371340917806,0.25647015697505426
GSD4,0.19753086419753085,0.003999999999822222,0.0011672848953334543,0.007843131463659753
GSD4,0.19753086419753085,0.022325328861176545,0.04956664589588172,0.042093196228665024
GSD4,0.19753086419753085,0.04405620558838474,0.37356165624716864,0.07220664907371253
GSD4,0.19753086419753085,0.0876487272608062,0.24469231441302386,0.1337164306743291
GSD4,0.19753086419753085,0.20841055793376237,0.6185117278877158,0.2564687214914155
GSD4,0.19753086419753085,0.13173956016770016,0.7698916967509025,0.17255161014603193
GSD4,0.19753086419753085,0.21053698804171295,0.5574803564836788,0.27339060943031324
GSD4,0.19753086419753085,0.0587439285148387,0.14294199756466988,0.10067749602125532
GSD4,0.19753086419753085,0.10797014815309851,0.487600291757841,0.1569227659712693
GSD4,0.19753086419753085,0.03381981704350627,0.2366395356173891,0.05841808476089301
GSD4,0.19753086419753085,0.1594345721259767,0.6286571642910728,0.19958611338881624
GSD4,0.19753086419753085,0.08188251267171828,0.4243845593590677,0.12521727603234395
GSD4,0.19753086419753085,0.010701554913617167,0.05821145006268282,0.02052453017694579
GSD4,0.19753086419753085,0.013738502036907038,0.010721620774880774,0.026535565531385003
GSD4,0.19753086419753085,0.0,0.0,0.0
GSD4,0.19753086419753085,0.021847376954804522,0.2239558200632674,0.03939172099727601
GSD4,0.19753086419753085,0.31329803833025566,0.46866323907455015,0.42506862998155953
GSD4,0.19753086419753085,0.06692255073319554,0.17429316089868366,0.11146626316254955
GSD4,0.19753086419753085,0.09864522560167104,0.12570882826956367,0.1534792717464599
GSD4,0.19753086419753085,0.008478898380667609,0.02424684380839524,0.016401527578572175
GSD4,0.19753086419753085,0.0,0.0,0.0
GSD4,0.19753086419753085,0.0,0.0,0.0
GSD4,0.19753086419753085,0.0,0.0,0.0
GSD4,0.19753086419753085,0.26505520053807374,0.407537225605076,0.4099278050665538
GSD4,0.19753086419753085,0.1785863400773288,0.28452182208442645,0.24241497758688182
GSD4,0.19753086419753085,0.02004819064991953,0.04081904444814383,0.03879957953343503
GSD4,0.19753086419753085,0.10944079335677682,0.4902168164992068,0.1795757415772237
GSD4,0.19753086419753085,0.0447501897251289,0.11540194213634998,0.08380178119666226
GSD4,0.19753086419753085,0.22756926355512333,0.917807181455482,0.24429070715973844
GSD4,0.19753086419753085,0.10695347352062223,0.280461703103501,0.18420594955040412
GSD4,0.19753086419753085,0.0,0.0,0.0
GSD4,0.19753086419753085,0.007632062654808471,0.010398519163763066,0.015034624908889732
GSD4,0.19753086419753085,0.10692762757693154,0.10524597300827165,0.1619155133755086
GSD4,0.19753086419753085,0.0,0.0,0.0
GSD4,0.19753086419753085,0.0948438666603942,0.11848133212629962,0.15944328252110532
GSD4,0.19753086419753085,0.21060808390714925,0.3274283439490446,0.3224903890911405
GSD4,0.19753086419753085,0.12434386679886893,0.36041914870572944,0.18949035880186996
GSD4,0.19753086419753085,0.3416364016390719,0.5948548474402439,0.41265473059722296
GSD4,0.19753086419753085,0.3177460091701583,0.635133810410744,0.3885631797012967
GSD4,0.19753086419753085,0.119742489269958,0.16410155867071854,0.1932132788883991
GSD4,0.19753086419753085,0.0010479739170895514,0.0013936203158872716,0.0020915637315808634
GSD4,0.19753086419753085,0.45289819049400254,0.9672213817448311,0.4752849477649937
GSD4,0.19753086419753085,0.020682452778317914,0.03520792178240104,0.03953439827556635
GSD4,0.19753086419753085,0.010674188374477771,0.014957761760830815,0.020685957266537162
GSD4,0.19753086419753085,0.1731068390143971,0.48965294244449237,0.25679958026751076
GSD4,0.19753086419753085,0.0,0.0,0.0
GSD4,0.19753086419753085,0.05170375998520712,0.125024154589372,0.08707605191475404
GSD4,0.19753086419753085,0.011757393299517097,0.054628069638025224,0.02211626110028478
GSD4,0.19753086419753085,0.023957132979811262,0.055029115934356804,0.04278877628848278
GSD4,0.19753086419753085,0.06952484436264375,0.13329304831684166,0.11953229282682545
GSD4,0.19753086419753085,0.01356417599577556,0.038667062490722874,0.025405334821200963
GSD4,0.19753086419753085,0.0004741651819056435,0.0017022593624264934,0.0009465350133678909
GSD4,0.19753086419753085,0.0,0.0,0.0
GSD4,0.19753086419753085,0.01226656902222385,0.030861354214647627,0.022340776402198677
GSD4,0.19753086419753085,0.0,0.0,0.0
GSD4,0.19753086419753085,0.060256796067628876,0.16617793515547194,0.10206351659607438
GSD4,0.19753086419753085,0.0,0.0,0.0
GSD4,0.19753086419753085,0.028868467464797907,0.057843246661458916,0.05313512880838269
GSD4,0.19753086419753085,0.018026303687979316,0.09083044982698962,0.033071792626290106
GSD4,0.19753086419753085,0.34844140125429024,0.5802296364619446,0.5037947909235689
GSD4,0.19753086419753085,0.7943998818936213,0.9074454031872734,0.8854211874118455
GSD4,0.19753086419753085,0.47719869706718954,0.48100551494164423,0.6460859536819737
GSD4,0.19753086419753085,0.20311335820405468,0.636144030465797,0.2683548112171238
GSD4,0.19753086419753085,0.2705854452370225,0.8387963596724719,0.29869958217836773
GSD4,0.19753086419753085,0.1971126674033736,0.9038819088399347,0.22042839615284524
GSD4,0.19753086419753085,0.3480791044031462,0.9650975968276758,0.41043233118285555
GSD4,0.19753086419753085,0.06315561232531076,0.11451857101439938,0.1104546473830784
GSD4,0.19753086419753085,0.08340325451288227,0.3999451336604993,0.12507863537808128
GSD4,0.19753086419753085,0.1519061508113509,0.4570292235863739,0.22879931939677683
GSD4,0.19753086419753085,0.0,0.0,0.0
GSD5,0.13168724279835392,0.0,0.0,0.0
GSD5,0.13168724279835392,0.02479812206558799,0.37239142695995486,0.04317263764600724
GSD5,0.13168724279835392,0.0,0.0,0.0
GSD5,0.13168724279835392,0.03842264913957476,0.06176351076798049,0.06660822897668248
GSD5,0.13168724279835392,0.06961020810571786,0.6337008959338387,0.09925829680661617
GSD5,0.13168724279835392,0.04144520605159348,0.2804617357845233,0.07372110139144154
GSD5,0.13168724279835392,0.10464144425193825,0.7435856826100729,0.13739619389674246
GSD5,0.13168724279835392,0.009220452639629466,0.0030420353982300885,0.017784955318403343
GSD5,0.13168724279835392,0.048689672011214234,0.12575433132178315,0.08972006758105355
GSD5,0.13168724279835392,0.02383604366215284,0.15957050182685856,0.042595537594891195
GSD5,0.13168724279835392,0.0,0.0,0.0
GSD5,0.13168724279835392,0.08558434077677997,0.2405438066465257,0.14538272554677625
GSD5,0.13168724279835392,0.017851283060618537,0.01501518078940105,0.03388773776893717
GSD5,0.13168724279835392,0.0,0.0,0.0
GSD5,0.13168724279835392,0.1541378655278024,0.6061454046639232,0.1929522576116517
GSD5,0.13168724279835392,0.10258109645994996,0.34473347547974414,0.17292711843990607
GSD5,0.13168724279835392,0.0,0.0,0.0
GSD5,0.13168724279835392,0.0,0.0,0.0
GSD5,0.13168724279835392,0.0,0.0,0.0
GSD5,0.13168724279835392,0.06404077336400177,0.4872292000337183,0.09701648369412126
GSD5,0.13168724279835392,0.0,0.0,0.0
GSD5,0.13168724279835392,0.0,0.0,0.0
GSD5,0.13168724279835392,0.0,0.0,0.0
GSD5,0.13168724279835392,0.0,0.0,0.0
GSD5,0.13168724279835392,0.0,0.0,0.0
GSD5,0.13168724279835392,0.012295081965197529,0.0017618040873854828,0.023437487810186994
GSD5,0.13168724279835392,0.0,0.0,0.0
GSD5,0.13168724279835392,0.0054631828972133995,0.0019734019734019732,0.010635829576938979
GSD5,0.13168724279835392,0.013347936203390254,0.045990566037735846,0.02441466670138181
GSD5,0.13168724279835392,0.016434069333228506,0.009951899154088572,0.03128239663843853
GSD5,0.13168724279835392,0.004038257173005406,0.0033856022808268,0.00791666184684538
GSD5,0.13168724279835392,0.005154921853436937,0.007276668214893946,0.010050785889254225
GSD5,0.13168724279835392,0.004529709565499745,0.005537008386939175,0.00881971162452223
GSD5,0.13168724279835392,0.0,0.0,0.0
GSD5,0.13168724279835392,0.0886492359500115,0.4377630787733013,0.1352579663161082
GSD5,0.13168724279835392,0.14415896983418555,0.3985828800458059,0.22531194273850375
GSD5,0.13168724279835392,0.0,0.0,0.0
GSD5,0.13168724279835392,0.004460144151763503,0.013011345893619236,0.00868778739364381
GSD5,0.13168724279835392,0.0018129377832341795,0.0033945378799567967,0.00359330065814022
GSD5,0.13168724279835392,0.00971291556966883,0.058715418843103113,0.018747325643145407
GSD5,0.13168724279835392,0.018146209252145173,0.1303594052143762,0.032728974330368865
GSD5,0.13168724279835392,0.0019208037824207684,0.0016326530612244899,0.003797834687217278
GSD5,0.13168724279835392,0.0028364632236761948,0.0036732108929702343,0.005547052014516262
GSD5,0.13168724279835392,0.021356294595323205,0.1989501002713224,0.03624248998553222
GSD5,0.13168724279835392,0.9348148148096854,0.9348148148148148,0.9663092915520404
GSD5,0.13168724279835392,0.10336410909147732,0.05987582221675785,0.15779666217453733
GSD5,0.13168724279835392,0.07300394122037397,0.16524477526481535,0.1212289477661484
GSD5,0.13168724279835392,0.005535055350042891,0.0017419579607478807,0.010771985490208014
GSD5,0.13168724279835392,0.014623655910833621,0.004311984781230184,0.027254499007477534
GSD5,0.13168724279835392,0.041590524534452396,0.374466788543571,0.06886117933862618
GSD5,0.13168724279835392,0.007455731593431011,0.0078252363873492,0.014375558581606848
GSD5,0.13168724279835392,0.0,0.0,0.0
GSD5,0.13168724279835392,0.13195756027034797,0.7692681347150259,0.1727384994289793
GSD5,0.13168724279835392,0.13472194670280552,0.6015352819604369,0.16099564400460847
GSD5,0.13168724279835392,0.024825194913080273,0.07184117920456809,0.04656029966644998
GSD5,0.13168724279835392,0.009397624878329389,0.04437518551498961,0.018262109854347813
GSD5,0.13168724279835392,0.008189262964594332,0.0019063757678457953,0.015490526459829937
GSD5,0.13168724279835392,0.02043596729688393,0.0025191737110227845,0.03640775941869481
GSD5,0.13168724279835392,0.045252438921421986,0.1211943412217224,0.08409954280374275
GSD5,0.13168724279835392,0.0,0.0,0.0
GSD5,0.13168724279835392,0.004916420845543815,0.0070109838747370885,0.009689905816451226
GSD5,0.13168724279835392,0.0,0.0,0.0
GSD5,0.13168724279835392,0.0,0.0,0.0
GSD5,0.13168724279835392,0.008187569780119554,0.003798998445864272,0.015982558596356906
GSD5,0.13168724279835392,0.0,0.0,0.0
GSD5,0.13168724279835392,0.004146385433522844,0.007686138216815934,0.008190881417216455
GSD5,0.13168724279835392,0.0,0.0,0.0
GSD5,0.13168724279835392,0.0,0.0,0.0
GSD5,0.13168724279835392,0.0,0.0,0.0
GSD5,0.13168724279835392,0.0,0.0,0.0
GSD5,0.13168724279835392,0.19377835384984518,0.1027785734746491,0.2450819508431128
GSD5,0.13168724279835392,0.013216715256760929,0.005185298154643892,0.02542530459927643
GSD5,0.13168724279835392,0.176963872779902,0.6693001416113885,0.24161772813893742
GSD5,0.13168724279835392,0.05793112277520208,0.3565799842395587,0.103832017859173
GSD5,0.13168724279835392,0.011247991429981273,0.017651014232881318,0.02176165191489232
GSD5,0.13168724279835392,0.25852995220097924,0.8944155550531313,0.30551270957778054
GSD5,0.13168724279835392,0.03890919314006798,0.11845934379457917,0.06968429912760575
GSD5,0.13168724279835392,0.0,0.0,0.0
GSD5,0.13168724279835392,0.0,0.0,0.0
GSD5,0.13168724279835392,0.0,0.0,0.0
GSD5,0.13168724279835392,0.0,0.0,0.0
GSD5,0.13168724279835392,0.0,0.0,0.0
GSD5,0.13168724279835392,0.0024509803912557667,0.00011143302874972142,0.004866178850764828
GSD5,0.13168724279835392,0.007884825884448053,0.02576538344953016,0.015405247115737366
GSD5,0.13168724279835392,0.27121611916056837,0.5888988019372929,0.3608785568727953
GSD5,0.13168724279835392,0.314569718269457,0.6285871056241427,0.3861789747441207
GSD5,0.13168724279835392,0.009434749937301205,0.012400548696844994,0.01852003423869958
GSD5,0.13168724279835392,0.0,0.0,0.0
GSD5,0.13168724279835392,0.4497465285406119,0.9697617774609398,0.4735437206807973
GSD5,0.13168724279835392,0.007576430199109978,0.014332904092715973,0.014816099419456793
GSD5,0.13168724279835392,0.0015709620075045978,0.002197675091087849,0.0031271856327932494
GSD5,0.13168724279835392,0.07663873008782461,0.4165811862668195,0.11081416472456299
GSD5,0.13168724279835392,0.0,0.0,0.0
GSD5,0.13168724279835392,0.013033939862955854,0.024973728132533846,0.02417713330954324
GSD5,0.13168724279835392,0.0005945745076146716,0.0036598616114828157,0.001184921751130122
GSD5,0.13168724279835392,0.03957436150415101,0.13359004739336494,0.06849914604254011
GSD5,0.13168724279835392,0.0,0.0,0.0
GSD5,0.13168724279835392,0.0006412825651238347,0.0017727549720237105,0.0012784639000292673
GSD5,0.13168724279835392,0.0017863123813677217,0.00738902037753276,0.003547278219969866
GSD5,0.13168724279835392,0.0,0.0,0.0
GSD5,0.13168724279835392,0.0,0.0,0.0
GSD5,0.13168724279835392,0.0,0.0,0.0
GSD5,0.13168724279835392,0.0,0.0,0.0
GSD5,0.13168724279835392,0.0,0.0,0.0
GSD5,0.13168724279835392,0.0,0.0,0.0
GSD5,0.13168724279835392,0.008753943217550552,0.023014721127928676,0.016773702109138183
GSD5,0.13168724279835392,0.07083676268822586,0.18409982174688058,0.1240928424960819
GSD5,0.13168724279835392,0.860076171546834,0.9803082730418371,0.9247751660367441
GSD5,0.13168724279835392,0.0,0.0,0.0
GSD5,0.13168724279835392,0.05845820267351491,0.2905237701266467,0.09781653778363197
GSD5,0.13168724279835392,0.27284717260937047,0.8455381471389646,0.3000725085341436
GSD5,0.13168724279835392,0.19607032627757898,0.8970560423627308,0.21977511581733966
GSD5,0.13168724279835392,0.3481366631577156,0.9623450176029389,0.41047234214201234
GSD5,0.13168724279835392,0.007662943322383337,0.05878110349801659,0.01465221081339881
GSD5,0.13168724279835392,0.0808900958816112,0.39806354834310653,0.12223105300549546
GSD5,0.13168724279835392,0.17547636242333495,0.8153717088280846,0.20621163416486826
GSD5,0.13168724279835392,0.0,0.0,0.0
